#{"t_start": 1775187436.8245802, "env_id": "OpenTheChests-v2"}
r,l,t
-119.0,86,0.445268
-205.0,143,0.604459
-262.0,174,0.796768
-152.0,101,0.908785
-190.0,123,1.044693
-362.0,232,1.300224
-135.0,84,1.393692
-122.0,89,1.49241
-183.0,123,1.628367
-185.0,136,1.778537
-333.0,218,2.018823
-103.0,71,2.098039
-72.0,51,2.15528
-176.0,125,2.29438
-293.0,196,2.512287
-156.0,105,10.205035
-160.0,115,10.333556
-92.0,69,10.411124
-126.0,86,10.507222
-248.0,171,10.697934
-83.0,50,10.754552
-144.0,102,10.868761
-85.0,68,10.945507
-153.0,105,11.063214
-180.0,138,11.217682
-164.0,117,11.348799
-171.0,120,11.483285
-175.0,119,11.616697
-77.0,54,11.677775
-87.0,73,11.75973
-87.0,53,11.819623
-150.0,114,11.947165
-159.0,120,12.081476
-62.0,49,12.136979
-175.0,132,12.284885
-174.0,151,12.453025
-128.0,104,21.340678
-98.0,67,21.415251
-200.0,152,21.583793
-209.0,155,21.755449
-207.0,171,21.944858
-111.0,104,22.061098
-134.0,100,22.173244
-137.0,101,22.286458
-126.0,99,22.397552
-157.0,122,22.533999
-81.0,67,22.609583
-189.0,130,22.75525
-116.0,86,22.851952
-107.0,84,22.94629
-87.0,66,23.020649
-119.0,100,23.132629
-66.0,50,23.189273
-190.0,153,23.360432
-141.0,117,23.491598
-171.0,153,32.15466
-146.0,134,32.303932
-43.0,50,32.360204
-155.0,120,32.493263
-208.0,164,32.673994
-144.0,117,32.80308
-293.0,259,33.087187
-190.0,158,33.260848
-193.0,169,33.446734
-107.0,88,33.546252
-188.0,166,33.741812
-94.0,84,33.837209
-72.0,66,33.912516
-142.0,121,34.04812
-57.0,52,34.106713
-166.0,136,34.258025
-94.0,85,41.445741
-111.0,84,41.539198
-107.0,102,41.652583
-68.0,66,41.726265
-125.0,104,41.84228
-157.0,148,42.007678
-142.0,116,42.137552
-287.0,266,42.433584
-214.0,194,42.649645
-117.0,103,42.764977
-80.0,68,42.841452
-204.0,170,43.030936
-119.0,90,43.131771
-67.0,54,43.192716
-128.0,102,43.306942
-83.0,69,43.384602
-266.0,232,43.64329
-58.0,52,43.702222
-134.0,124,51.333294
-223.0,209,51.565958
-168.0,141,51.723225
-115.0,105,51.840619
-71.0,70,51.91929
-73.0,73,52.001161
-47.0,48,52.055316
-213.0,178,52.252215
-122.0,120,52.385471
-112.0,98,52.49417
-53.0,53,52.553631
-125.0,118,52.683923
-159.0,140,52.838722
-180.0,150,53.004692
-69.0,65,53.077322
-163.0,148,53.24091
-113.0,91,53.341861
-139.0,152,61.341025
-112.0,86,61.436274
-82.0,84,61.529791
-113.0,140,61.685373
-112.0,107,61.804948
-120.0,137,61.957689
-120.0,134,62.107058
-63.0,65,62.180126
-105.0,118,62.311896
-55.0,67,62.387213
-74.0,82,62.479066
-395.0,424,62.94914
-127.0,122,63.085287
-49.0,54,63.146123
-257.0,270,63.446308
-54.0,66,63.520459
-89.0,83,70.947325
-182.0,194,71.162711
-203.0,251,71.441225
-90.0,98,71.550647
-84.0,103,71.665663
-159.0,171,71.855471
-79.0,83,71.94805
-118.0,122,72.082921
-52.0,50,72.138898
-47.0,71,72.217863
-131.0,154,72.387679
-92.0,105,72.503831
-64.0,82,72.594582
-65.0,69,72.671451
-158.0,184,72.87414
-155.0,171,73.062817
-94.0,106,73.180328
-59.0,69,80.66089
-82.0,100,80.771467
-159.0,180,80.970013
-40.0,49,81.024852
-58.0,68,81.100309
-100.0,148,81.263978
-91.0,109,81.384645
-61.0,65,81.457162
-59.0,84,81.550898
-111.0,138,81.704436
-77.0,88,81.802913
-122.0,126,81.943445
-77.0,105,82.060695
-44.0,66,82.134778
-161.0,221,82.380168
-104.0,113,82.506184
-63.0,82,82.597919
-133.0,168,82.784917
-118.0,136,91.225099
-89.0,107,91.344654
-106.0,163,91.526084
-141.0,211,91.759694
-74.0,136,91.9103
-41.0,52,91.968426
-78.0,115,92.095792
-48.0,72,92.175693
-74.0,120,92.308086
-58.0,70,92.385691
-75.0,116,92.513785
-72.0,100,92.625607
-65.0,91,92.727345
-51.0,68,92.803576
-69.0,86,92.899599
-78.0,146,93.062516
-87.0,114,93.189708
-40.0,65,93.262856
-70.0,101,93.376304
-45.0,66,102.264857
-71.0,122,102.401123
-141.0,255,102.684332
-35.0,69,102.761659
-133.0,222,103.008388
-112.0,167,103.194091
-23.0,53,103.253792
-90.0,138,103.407383
-102.0,213,103.643736
-43.0,70,103.722072
-90.0,173,103.930688
-68.0,128,104.080759
-102.0,155,104.252134
-33.0,64,104.323452
-108.0,164,104.504403
-49.0,102,111.73254
-28.0,67,111.807252
-120.0,282,112.116977
-37.0,68,112.19258
-40.0,98,112.301205
-49.0,132,112.447011
-43.0,103,112.561348
-139.0,277,112.866307
-82.0,195,113.081459
-57.0,101,113.193949
-42.0,70,113.272412
-53.0,116,113.401651
-49.0,102,113.515503
-56.0,118,113.647439
-27.0,67,113.72296
-44.0,71,113.802865
-109.0,230,121.457578
-42.0,131,121.603938
-24.0,80,121.694108
-64.0,162,121.874307
-90.0,216,122.113973
-26.0,87,122.210728
-21.0,81,122.301076
-91.0,245,122.571418
-48.0,150,122.738286
-26.0,66,122.812513
-50.0,145,122.973717
-46.0,120,123.107576
-80.0,195,123.32445
-60.0,164,123.50706
-57.0,150,130.516345
-31.0,101,130.628268
-18.0,67,130.703205
-39.0,132,130.849014
-119.0,336,131.219385
-41.0,136,131.370837
-20.0,52,131.429564
-40.0,149,131.595645
-28.0,85,131.691015
-47.0,148,131.856112
-28.0,82,131.948295
-49.0,148,132.113548
-46.0,152,132.283306
-31.0,102,132.397518
-34.0,103,132.512929
-35.0,98,132.622566
-90.0,277,140.472811
-70.0,261,140.76284
-49.0,180,140.963311
-20.0,100,141.075069
-31.0,99,141.185663
-10.0,67,141.260914
-114.0,395,141.698024
-13.0,53,141.75761
-32.0,146,141.918868
-40.0,154,142.089246
-39.0,131,142.234139
-47.0,161,142.411947
-26.0,97,142.519948
-44.0,149,148.937565
-10.0,82,149.029519
-65.0,292,149.353212
-10.0,99,149.463449
-16.0,84,149.556818
-39.0,147,149.719224
-32.0,119,149.8509
-78.0,291,150.17039
-14.0,101,150.282124
-23.0,132,150.427906
-28.0,117,150.556844
-21.0,113,150.68191
-39.0,178,150.877584
-56.0,196,157.713546
-25.0,105,157.846918
-11.0,101,157.969278
-52.0,163,158.149238
-18.0,66,158.222551
-10.0,52,158.28038
-89.0,341,158.653457
-13.0,69,158.730194
-29.0,131,158.874788
-36.0,129,159.017414
-12.0,68,159.09334
-98.0,392,159.527386
-22.0,99,159.637946
-64.0,292,159.961253
-4.0,66,166.596729
-20.0,101,166.708229
-35.0,166,166.891161
-98.0,450,167.388854
-31.0,148,167.55376
-24.0,100,167.665449
-49.0,166,167.849978
-53.0,309,168.192406
-9.0,83,168.285326
-38.0,163,168.466678
-39.0,179,168.666008
-6.0,72,168.746859
-65.0,435,175.323066
-41.0,335,175.695002
-47.0,311,176.040657
-21.0,115,176.169052
-80.0,532,176.758727
-56.0,500,180.888705
-28.0,276,181.195587
-63.0,541,181.792544
-35.0,354,182.181593
-53.0,549,182.78408
-49.0,520,186.906117
-24.0,321,187.261396
-59.0,517,187.832545
-27.0,309,188.175885
-50.0,516,188.746802
-37.0,517,192.894058
-32.0,483,193.428877
-40.0,517,193.999141
-34.0,532,194.583958
-91.0,512,198.501688
-112.0,517,199.0712
-27.0,131,199.217816
-110.0,522,199.795875
-94.0,517,203.597773
-73.0,517,204.172796
-24.0,85,204.268691
-72.0,514,204.839238
-89.0,523,205.418604
-85.0,521,209.437309
-98.0,535,210.025279
-76.0,515,210.592024
-80.0,515,211.162589
-98.0,518,214.839718
-69.0,521,215.417157
-73.0,516,215.995212
-69.0,534,216.587278
-68.0,513,220.388655
-65.0,516,220.961193
-61.0,519,221.53491
-44.0,516,222.103543
-62.0,514,225.880124
-38.0,518,226.449135
-39.0,522,227.027121
-39.0,516,227.60029
-45.0,538,231.307809
-30.0,525,231.891453
-34.0,517,232.465635
-32.0,516,233.038263
-32.0,514,236.781443
-31.0,519,237.356383
-34.0,514,237.924802
-34.0,520,238.499891
-30.0,515,242.284115
-32.0,535,242.876967
-32.0,524,243.459744
-30.0,527,244.046198
-30.0,515,247.796849
-30.0,529,248.384156
-30.0,516,248.957138
-34.0,515,249.524479
-34.0,518,253.258425
-32.0,518,253.829982
-32.0,516,254.39815
-32.0,515,254.970387
-32.0,515,258.707783
-31.0,518,259.282599
-30.0,514,259.852542
-30.0,514,260.422828
-30.0,515,264.122487
-31.0,512,264.691183
-30.0,517,265.262084
-30.0,536,265.853251
-30.0,514,269.584965
-30.0,524,270.162447
-30.0,517,270.735097
-30.0,519,274.202145
-30.0,523,274.783745
-32.0,513,275.361398
-31.0,530,275.952047
-30.0,517,279.65397
-36.0,514,280.225268
-36.0,513,280.793984
-38.0,514,281.363382
-36.0,513,285.11639
-32.0,517,285.687519
-22.0,355,286.079206
-34.0,516,286.650236
-36.0,516,287.224098
-32.0,519,291.406789
-30.0,532,291.998216
-30.0,535,292.590436
-32.0,537,293.182332
-32.0,515,296.903191
-30.0,514,297.468743
-31.0,514,298.035412
-30.0,514,298.606145
-30.0,516,302.172354
-30.0,517,302.746111
-30.0,515,303.318362
-30.0,516,306.786007
-30.0,514,307.356232
-30.0,515,307.928386
-30.0,518,308.50213
-30.0,514,312.146617
-30.0,514,312.713202
-30.0,515,313.280254
-35.0,519,313.854429
-32.0,517,317.485958
-30.0,527,318.069444
-30.0,521,318.646883
-30.0,518,319.220749
-30.0,513,322.896281
-30.0,513,323.465956
-30.0,517,324.041072
-30.0,537,324.633591
-36.0,529,328.345572
-30.0,517,328.916438
-30.0,517,329.487206
-30.0,535,330.082767
-30.0,514,333.755079
-34.0,515,334.326156
-30.0,512,334.895149
-30.0,514,335.465682
-32.0,516,339.202082
-62.0,516,339.775566
-66.0,520,340.34919
-84.0,520,340.923199
-62.0,513,344.695566
-63.0,519,345.268888
-48.0,517,345.847998
-58.0,513,346.441729
-62.0,515,350.260646
-46.0,516,350.832922
-42.0,512,351.400962
-45.0,515,351.971934
-46.0,516,355.748299
-30.0,515,356.317377
-30.0,516,356.886739
-34.0,516,357.456038
-30.0,514,361.13439
-32.0,517,361.707299
-34.0,515,362.279603
-36.0,517,362.855125
-36.0,515,366.598477
-32.0,514,367.169089
-30.0,514,367.739696
-30.0,517,368.309713
-32.0,517,372.025441
-32.0,535,372.614484
-32.0,516,373.183347
-30.0,516,373.754724
-30.0,513,377.422103
-30.0,514,377.992665
-32.0,518,378.566708
-36.0,518,379.14159
-36.0,514,382.906897
-31.0,519,383.483598
-30.0,516,384.05576
-30.0,533,384.644006
-30.0,515,388.348176
-30.0,522,388.924557
-30.0,514,389.495522
-32.0,519,390.073233
-30.0,516,393.746821
-30.0,522,394.327454
-30.0,517,394.90135
-30.0,512,395.471736
-30.0,513,399.427632
-34.0,518,399.998158
-30.0,519,400.569169
-34.0,514,401.135199
-36.0,518,404.863558
-30.0,519,405.463155
-30.0,516,406.047551
-30.0,520,406.626784
-30.0,533,410.264647
-46.0,518,410.839375
-56.0,518,411.41386
-49.0,515,411.983464
-50.0,514,415.801969
-56.0,515,416.369616
-50.0,514,416.936203
-54.0,514,417.501257
-46.0,515,421.245326
-58.0,514,421.815699
-56.0,515,422.388966
-55.0,514,422.959275
-55.0,517,426.686247
-41.0,516,427.259795
-38.0,516,427.832293
-55.0,518,428.406613
-48.0,516,432.105732
-34.0,516,432.675684
-32.0,518,433.246361
-32.0,520,433.820637
-30.0,516,437.543803
-34.0,515,438.114085
-31.0,516,438.687477
-32.0,515,442.217494
-30.0,517,442.790868
-32.0,517,443.363559
-34.0,517,443.937863
-34.0,538,447.623928
-33.0,516,448.195439
-30.0,516,448.763613
-32.0,516,449.331313
-32.0,517,453.203373
-36.0,519,453.777239
-30.0,514,454.348239
-32.0,518,454.92293
-30.0,515,458.680134
-30.0,517,459.253917
-30.0,522,459.833338
-30.0,515,460.402878
-30.0,518,464.365937
-32.0,519,464.942431
-7.0,162,465.123585
-30.0,513,465.688855
-32.0,532,466.276018
-30.0,513,470.312136
-30.0,516,470.883203
-30.0,512,471.450748
-30.0,516,472.023297
-30.0,513,475.733504
-34.0,526,476.319463
-30.0,514,476.888305
-32.0,537,477.480556
-30.0,515,481.19522
-30.0,518,481.765871
-30.0,514,482.334051
-30.0,515,482.906773
-30.0,517,486.620365
-30.0,524,487.203366
-30.0,515,487.77532
-30.0,514,488.345826
-30.0,518,491.956944
-30.0,515,492.524856
-30.0,515,493.091015
-30.0,515,493.658118
-30.0,515,497.407419
-30.0,513,497.976344
-30.0,528,498.564167
-30.0,513,499.13424
-32.0,517,502.796996
-30.0,519,503.372752
-30.0,534,503.9656
-30.0,532,504.551627
-33.0,519,508.223143
-30.0,516,508.792436
-30.0,518,509.365215
-34.0,517,509.94077
-30.0,521,513.634099
-30.0,514,514.203844
-30.0,518,514.77745
-30.0,524,518.221516
-32.0,517,518.793786
-30.0,514,519.362338
-30.0,521,519.932854
-30.0,546,523.682578
-30.0,515,524.250627
-30.0,517,524.819086
-31.0,518,525.392908
-30.0,514,528.925466
-30.0,514,529.493975
-29.0,516,530.064538
-30.0,514,530.63326
-30.0,513,534.4333
-30.0,514,535.00098
-31.0,536,535.589609
-30.0,517,536.177499
-30.0,515,539.890151
-41.0,515,540.45763
-39.0,513,541.025632
-36.0,515,541.596019
-38.0,514,545.375889
-30.0,514,545.9465
-33.0,516,546.516788
-30.0,515,547.082734
-33.0,516,550.730962
-30.0,514,551.296032
-30.0,514,551.862415
-30.0,514,552.431667
-32.0,515,556.144372
-31.0,516,556.71678
-30.0,517,557.289413
-30.0,518,557.862672
-30.0,516,561.615439
-35.0,517,562.184009
-30.0,515,562.748732
-32.0,518,563.319222
-30.0,514,566.90039
-30.0,515,567.469649
-30.0,519,568.045562
-30.0,516,568.617489
-30.0,516,572.348241
-32.0,517,572.920721
-32.0,514,573.486153
-32.0,518,574.056074
-30.0,515,577.954667
-30.0,517,578.522002
-30.0,514,579.090934
-30.0,517,579.662973
-30.0,517,583.403908
-30.0,513,583.972961
-30.0,518,584.547012
-30.0,512,585.109525
-30.0,516,588.862441
-32.0,514,589.426467
-25.0,404,589.869815
-30.0,517,590.439933
-36.0,515,594.197619
-30.0,515,594.768016
-30.0,513,595.336625
-30.0,513,595.905619
-30.0,516,599.642413
-30.0,513,600.209642
-30.0,513,600.775034
-30.0,516,601.350492
-30.0,518,604.986928
-34.0,515,605.555102
-33.0,518,606.140176
-30.0,538,606.735602
-30.0,533,610.503937
-32.0,515,611.074925
-32.0,514,611.643678
-32.0,517,612.214138
-30.0,516,615.853399
-32.0,513,616.416614
-32.0,516,616.983994
-32.0,517,617.55655
-30.0,515,621.231868
-30.0,515,621.80184
-32.0,517,622.374223
-34.0,518,622.948374
-30.0,514,626.731622
-32.0,521,627.306573
-30.0,514,627.872138
-32.0,515,628.438605
-30.0,512,632.090318
-30.0,516,632.660156
-32.0,520,633.236336
-30.0,514,633.806491
-32.0,543,637.543039
-30.0,515,638.114381
-30.0,514,638.680693
-32.0,515,639.245859
-30.0,515,643.104853
-30.0,514,643.671432
-30.0,532,644.2623
-30.0,537,644.857973
-34.0,513,648.559101
-38.0,516,649.130075
-41.0,516,649.701776
-35.0,516,650.272166
-34.0,516,654.034615
-30.0,516,654.601464
-30.0,513,655.163635
-32.0,514,655.730046
-30.0,518,659.622477
-32.0,519,660.198062
-30.0,515,660.768996
-30.0,515,661.340447
-30.0,513,665.126696
-30.0,515,665.697649
-30.0,513,666.26139
-30.0,516,666.82907
-32.0,513,670.60536
-34.0,514,671.173293
-32.0,520,671.749123
-30.0,515,672.320446
-35.0,514,676.063152
-34.0,517,676.635934
-30.0,514,677.203311
-30.0,515,677.770323
-125.0,520,681.516701
-115.0,517,682.085056
-100.0,518,682.658667
-100.0,522,683.238205
-32.0,517,687.033466
-40.0,517,687.606523
-40.0,521,688.185502
-34.0,520,691.625489
-34.0,517,692.196377
-32.0,516,692.763975
-34.0,525,693.34119
-42.0,515,697.039863
-52.0,518,697.608749
-50.0,515,698.178215
-48.0,515,698.748219
-48.0,515,702.461432
-30.0,514,703.030483
-32.0,515,703.600562
-30.0,517,704.172148
-30.0,516,707.914053
-30.0,517,708.480729
-14.0,276,708.784951
-32.0,518,709.353728
-30.0,518,709.926722
-30.0,516,714.004468
-32.0,541,714.6035
-30.0,524,715.185153
-30.0,519,715.756338
-46.0,524,719.505556
-49.0,517,720.074185
-47.0,525,720.651959
-42.0,529,721.237872
-30.0,516,724.989812
-34.0,517,725.560377
-32.0,516,726.148674
-30.0,516,726.719356
-79.0,520,730.469983
-89.0,513,731.037042
-94.0,514,731.62015
-90.0,519,732.190751
-83.0,517,735.944932
-80.0,516,736.515665
-82.0,519,737.090092
-15.0,161,737.269976
-58.0,517,741.083111
-32.0,512,741.6501
-32.0,514,742.218542
-30.0,514,742.783913
-36.0,517,746.638924
-30.0,520,747.210464
-30.0,533,747.797021
-30.0,526,748.380076
-30.0,527,752.115042
-30.0,518,752.688102
-30.0,515,753.257936
-30.0,514,753.827923
-30.0,514,757.521836
-30.0,515,758.090491
-30.0,514,758.655415
-32.0,530,759.237805
-30.0,514,763.036978
-30.0,516,763.605606
-32.0,516,764.178086
-35.0,518,764.752048
-45.0,534,768.474363
-83.0,516,769.045962
-100.0,517,769.618756
-81.0,512,770.181326
-33.0,514,773.789772
-34.0,516,774.357429
-32.0,516,774.92403
-32.0,518,775.497157
-32.0,513,779.28997
-34.0,532,779.878197
-33.0,515,780.447698
-30.0,513,781.015437
-31.0,516,784.828284
-30.0,515,785.396796
-30.0,516,785.964462
-30.0,522,786.543683
-30.0,518,790.361061
-30.0,515,790.933217
-30.0,516,791.507246
-30.0,516,792.081757
-32.0,518,795.806799
-32.0,513,796.375441
-34.0,518,796.946805
-30.0,515,797.515332
-30.0,515,801.302309
-30.0,513,801.865472
-30.0,530,802.450351
-30.0,518,803.025059
-170.0,522,806.892059
-150.0,525,807.474441
-186.0,518,808.049358
-233.0,513,808.617792
-130.0,493,812.33895
-176.0,518,812.9104
-157.0,519,813.482553
-139.0,522,814.059449
-74.0,530,817.769106
-97.0,514,818.336951
-48.0,338,818.712393
-114.0,518,819.285572
-76.0,515,822.987248
-61.0,514,823.55679
-36.0,525,824.140438
-65.0,513,824.709652
-32.0,517,828.404886
-30.0,517,828.971881
-30.0,518,829.538768
-32.0,521,830.109439
-34.0,515,833.849157
-32.0,513,834.409996
-32.0,538,834.999803
-30.0,515,835.563979
-33.0,515,839.310623
-34.0,517,839.876743
-33.0,527,840.454541
-30.0,513,841.015952
-30.0,537,844.732965
-30.0,513,845.29518
-30.0,520,845.878716
-30.0,514,846.440373
-37.0,516,850.327375
-39.0,516,850.891223
-41.0,530,851.502963
-36.0,516,852.065403
-42.0,514,855.736303
-42.0,513,856.29713
-40.0,519,856.865357
-40.0,514,857.427986
-48.0,522,860.976372
-41.0,513,861.537646
-49.0,509,862.095023
-48.0,534,865.499775
-40.0,515,866.064483
-50.0,517,866.630838
-58.0,520,867.201448
-50.0,512,870.860273
-45.0,522,871.432001
-51.0,518,871.998455
-34.0,516,872.56259
-37.0,515,876.179675
-34.0,518,876.747136
-37.0,515,877.310538
-36.0,513,877.872198
-40.0,520,881.693464
-30.0,515,882.257046
-33.0,515,882.820551
-32.0,517,883.386779
-30.0,514,886.973932
-30.0,514,887.536226
-30.0,514,888.098034
-30.0,518,888.664918
-32.0,514,892.325557
-57.0,515,892.888811
-47.0,515,893.452863
-43.0,514,894.015503
-42.0,515,897.545274
-30.0,517,898.110064
-30.0,517,898.675482
-31.0,518,899.241458
-33.0,514,902.936208
-34.0,516,903.499487
-30.0,514,904.060745
-32.0,515,904.622952
-32.0,513,908.381572
-51.0,514,908.945757
-55.0,517,909.512903
-54.0,513,910.075248
-47.0,538,913.856501
-48.0,516,914.448146
-57.0,522,915.040201
-49.0,514,915.602558
-56.0,514,919.269356
-57.0,515,919.832995
-45.0,514,920.397117
-52.0,515,920.960324
-54.0,516,924.702051
-38.0,515,925.265088
-46.0,514,925.844523
-40.0,514,926.406295
-50.0,516,930.17939
-38.0,517,930.744344
-35.0,515,931.307068
0.0,49,931.362308
-35.0,516,931.926477
-32.0,517,935.872456
-35.0,519,936.44013
-31.0,516,937.004263
-32.0,514,937.566899
-32.0,515,941.236539
-32.0,526,941.812336
-30.0,513,942.373512
-30.0,519,942.942002
-32.0,515,946.667178
-32.0,513,947.228398
-32.0,515,947.792681
-30.0,515,948.357038
-30.0,516,952.08855
-38.0,515,952.652912
-39.0,515,953.217244
-42.0,515,953.78113
-37.0,515,957.413881
-33.0,519,957.981498
-34.0,518,958.548241
-33.0,516,959.112099
-30.0,527,962.770684
-30.0,519,963.337359
-31.0,531,963.917562
-32.0,517,964.483403
-32.0,514,968.174046
-30.0,515,968.739016
-30.0,514,969.301934
-31.0,512,969.863079
-30.0,515,973.444357
-30.0,517,974.013639
-30.0,516,974.584744
-30.0,514,975.155011
-30.0,514,978.67171
-30.0,516,979.236558
-33.0,516,979.805335
-34.0,519,980.374554
-30.0,516,984.089861
-32.0,514,984.653305
-32.0,513,985.215801
-30.0,516,985.781844
-30.0,515,989.365026
-30.0,516,989.93037
-30.0,517,990.498125
-30.0,514,991.06118
-30.0,532,994.895151
-30.0,515,995.457988
-30.0,515,996.020507
-30.0,514,996.582319
-30.0,515,1000.169404
-30.0,518,1000.737202
-30.0,515,1001.301786
-30.0,514,1004.590352
-30.0,517,1005.155487
-30.0,519,1005.72376
-31.0,523,1006.29593
-30.0,516,1010.041669
-34.0,520,1010.611003
-32.0,516,1011.176388
-30.0,520,1011.745415
-30.0,512,1015.358654
-30.0,513,1015.91984
-30.0,519,1016.487504
-30.0,519,1017.055327
-30.0,512,1020.629087
-30.0,524,1021.203236
-30.0,517,1021.770422
-33.0,517,1022.337323
-30.0,516,1025.942232
-30.0,515,1026.505864
-30.0,513,1027.066914
-30.0,516,1027.630608
-30.0,521,1031.303047
-30.0,516,1031.867879
-32.0,519,1032.435701
-30.0,515,1032.996822
-30.0,515,1036.695516
-30.0,529,1037.276382
-30.0,521,1037.847555
-30.0,505,1038.401788
-30.0,531,1042.100985
-30.0,518,1042.667422
-32.0,514,1043.230432
-33.0,514,1043.809414
-34.0,513,1047.396617
-30.0,514,1047.959644
-32.0,514,1048.523206
-32.0,514,1049.086603
-30.0,516,1052.775068
-30.0,518,1053.341251
-30.0,514,1053.903027
-30.0,515,1054.466942
-30.0,516,1058.216983
-30.0,517,1058.782233
-30.0,518,1059.349568
-30.0,515,1059.912576
-30.0,515,1063.465034
-32.0,516,1064.028841
-30.0,513,1064.589617
-30.0,518,1065.154219
-30.0,514,1068.750379
-30.0,516,1069.315816
-30.0,514,1069.87886
-30.0,517,1070.444805
-30.0,516,1074.066058
-30.0,524,1074.640953
-30.0,516,1075.205565
-30.0,524,1075.780292
-30.0,518,1079.468946
-30.0,529,1080.050193
-30.0,519,1080.62008
-30.0,528,1081.199744
-30.0,523,1084.866467
-30.0,517,1085.432331
-32.0,519,1085.999819
-30.0,514,1086.562447
-34.0,518,1090.146776
-30.0,514,1090.709353
-30.0,514,1091.273077
-30.0,514,1091.837562
-47.0,516,1095.527554
-128.0,519,1096.096626
-131.0,515,1096.659995
-43.0,180,1096.857646
-92.0,356,1097.246996
-65.0,513,1101.309869
-51.0,516,1101.875196
-69.0,512,1102.435816
-57.0,513,1102.997377
-40.0,515,1106.623345
-57.0,519,1107.195753
-45.0,513,1107.75713
-39.0,517,1108.322538
-46.0,515,1111.999606
-38.0,514,1112.561895
-44.0,515,1113.134138
-45.0,515,1113.69767
-46.0,519,1117.389
-49.0,517,1117.955992
-49.0,516,1118.51988
-44.0,514,1119.080405
-38.0,515,1122.766127
-44.0,516,1123.330369
-42.0,515,1123.893479
-38.0,516,1124.455636
-38.0,515,1128.145256
-40.0,514,1128.707484
-41.0,518,1129.274318
-34.0,515,1129.836693
-30.0,514,1133.497982
-32.0,514,1134.059748
-33.0,517,1134.624197
-30.0,519,1135.191218
-36.0,519,1138.736314
-30.0,516,1139.301361
-32.0,516,1139.866449
-32.0,516,1140.429765
-30.0,514,1144.130874
-30.0,517,1144.697194
-30.0,516,1145.263026
-36.0,529,1148.514293
-32.0,517,1149.079171
-30.0,513,1149.639506
-30.0,516,1150.202944
-30.0,515,1153.8081
-30.0,517,1154.373772
-32.0,514,1154.935731
-30.0,515,1155.498188
-30.0,514,1159.189052
-30.0,512,1159.751364
-31.0,522,1160.323201
-30.0,515,1160.887229
-33.0,547,1164.595185
-18.0,226,1164.844149
-35.0,517,1165.409458
-18.0,262,1165.696695
-46.0,518,1166.264105
-46.0,515,1170.270659
-33.0,518,1170.838025
-30.0,516,1171.40389
-33.0,514,1171.966448
-33.0,515,1175.719262
-36.0,514,1176.281494
-31.0,514,1176.843721
-32.0,514,1177.405061
-30.0,517,1181.036366
-32.0,517,1181.60347
-30.0,515,1182.167224
-30.0,516,1182.73304
-30.0,517,1186.360341
-30.0,518,1186.926705
-30.0,516,1187.49145
-30.0,538,1188.080615
-30.0,517,1191.746807
-35.0,515,1192.309962
-30.0,513,1192.872053
-30.0,515,1193.435346
-35.0,518,1196.943853
-31.0,517,1197.510216
-30.0,513,1198.071841
-35.0,517,1198.638419
-30.0,517,1202.306777
-34.0,515,1202.870981
-32.0,515,1203.435272
-33.0,515,1203.999196
-32.0,514,1207.632848
-37.0,527,1208.210572
-31.0,515,1208.774782
-30.0,517,1209.340101
-30.0,515,1213.027972
-30.0,513,1213.589647
-30.0,516,1214.155135
-31.0,514,1214.717353
-30.0,517,1218.4049
-30.0,534,1218.990334
-30.0,517,1219.556396
-31.0,526,1220.132493
-30.0,541,1223.836327
-30.0,513,1224.404735
-30.0,515,1224.969547
-30.0,516,1225.550163
-30.0,514,1229.285293
-30.0,543,1229.896824
-30.0,536,1230.484336
-30.0,515,1231.048877
-30.0,524,1234.752805
-30.0,525,1235.328217
-30.0,533,1235.912669
-30.0,542,1236.50684
-31.0,543,1240.21938
-31.0,518,1240.787134
-32.0,514,1241.349725
-32.0,518,1241.916168
-30.0,517,1245.505885
-31.0,526,1246.081301
-33.0,539,1246.671185
-30.0,518,1250.026814
-29.0,516,1250.590945
-30.0,519,1251.160138
-31.0,524,1251.734607
-30.0,520,1255.383492
-30.0,541,1255.976849
-32.0,511,1256.537574
-30.0,528,1257.117208
-31.0,521,1260.971411
-30.0,515,1261.533381
-30.0,516,1262.098384
0.0,65,1262.17127
-30.0,517,1262.736254
-30.0,515,1266.704945
-30.0,515,1267.268406
-30.0,516,1267.833951
-30.0,515,1268.39768
-30.0,515,1272.071756
-33.0,517,1272.638207
-30.0,520,1273.208352
-30.0,515,1273.772868
-33.0,517,1277.423701
-41.0,515,1277.988764
-37.0,514,1278.55231
-44.0,517,1279.119653
-48.0,521,1282.743773
-47.0,515,1283.307612
-48.0,517,1283.890747
-38.0,515,1284.476336
-50.0,519,1288.215912
-42.0,514,1288.787121
-49.0,529,1289.366821
-48.0,516,1289.931566
-44.0,514,1293.640115
-41.0,517,1294.206032
-39.0,517,1294.772696
-37.0,516,1295.338163
-43.0,517,1299.04051
-33.0,518,1299.608541
-31.0,515,1300.173029
-35.0,514,1300.736958
-32.0,513,1304.333637
-31.0,513,1304.895521
-30.0,515,1305.458866
-30.0,521,1306.029256
-33.0,517,1309.704396
-30.0,513,1310.266015
-30.0,514,1310.828017
-30.0,516,1311.390597
-33.0,525,1315.098722
-30.0,513,1315.660689
-36.0,518,1316.227898
-32.0,515,1316.791179
-32.0,514,1320.527503
-30.0,518,1321.094758
-34.0,514,1321.657234
-38.0,515,1322.221451
-36.0,518,1325.78812
-31.0,515,1326.35211
-31.0,512,1326.914067
-30.0,517,1327.479582
-34.0,520,1331.009955
-31.0,518,1331.576015
-30.0,516,1332.140253
-30.0,516,1332.70365
-32.0,521,1336.33381
-30.0,515,1336.898728
-30.0,526,1337.474754
-30.0,515,1338.037329
-30.0,517,1341.692806
-31.0,516,1342.257303
-30.0,514,1342.819518
-30.0,516,1343.384431
-30.0,515,1346.952955
-30.0,515,1347.516091
-30.0,513,1348.07821
-30.0,516,1348.643604
-30.0,513,1352.189437
-33.0,515,1352.763978
-30.0,518,1353.330421
-30.0,514,1353.896651
-32.0,522,1357.579516
-30.0,514,1358.142425
-33.0,516,1358.707985
-30.0,515,1362.1215
-30.0,514,1362.684545
-30.0,514,1363.248025
-30.0,516,1363.813198
-30.0,516,1367.403298
-34.0,520,1367.972553
-36.0,516,1368.536553
-31.0,516,1369.10184
-31.0,513,1372.627825
-43.0,514,1373.19011
-45.0,518,1373.756696
-39.0,528,1374.334547
-38.0,515,1377.982684
-33.0,213,1378.217746
-54.0,532,1378.801218
-52.0,514,1379.365388
-58.0,527,1379.943794
-65.0,522,1384.018672
-54.0,525,1384.595234
-44.0,542,1385.19026
-45.0,537,1385.778682
-51.0,516,1389.442732
-44.0,516,1390.005981
-42.0,537,1390.591825
-44.0,532,1391.172946
-39.0,515,1394.808162
-30.0,534,1395.391083
-32.0,514,1395.950871
-33.0,514,1396.511712
-33.0,513,1400.108656
-30.0,514,1400.67199
-30.0,513,1401.23347
-30.0,520,1401.803082
-30.0,513,1405.394225
-30.0,521,1405.966125
-30.0,516,1406.532482
-30.0,518,1407.100261
-30.0,516,1410.782555
-30.0,513,1411.342798
-30.0,521,1411.912397
-32.0,514,1415.217337
-30.0,513,1415.779968
-30.0,514,1416.345368
-31.0,518,1416.911071
-31.0,516,1420.584889
-32.0,519,1421.166685
-31.0,517,1421.733632
-30.0,517,1422.300731
-30.0,515,1425.843502
-32.0,515,1426.407688
-32.0,514,1426.971611
-32.0,516,1427.53741
-30.0,513,1431.185573
-40.0,522,1431.757854
-42.0,519,1432.326407
-38.0,514,1432.888926
-44.0,514,1436.431957
-42.0,515,1436.995554
-39.0,516,1437.55937
-43.0,514,1438.122036
-41.0,516,1441.706052
-38.0,515,1442.269563
-41.0,515,1442.832735
-10.0,52,1442.891309
-42.0,515,1443.454758
-44.0,517,1447.37776
-31.0,512,1447.937048
-38.0,521,1448.505991
-35.0,514,1449.066471
-37.0,521,1452.851483
-32.0,524,1453.425822
-30.0,515,1453.989866
-33.0,517,1454.556108
-31.0,514,1458.169878
-30.0,515,1458.732043
-32.0,517,1459.298669
-30.0,512,1459.859197
-30.0,517,1463.480361
-30.0,514,1464.044153
-33.0,513,1464.605747
-30.0,513,1465.167415
-30.0,521,1468.966659
-30.0,516,1469.530278
-30.0,513,1470.088897
-33.0,523,1470.661138
-33.0,516,1474.256955
-30.0,515,1474.819619
-32.0,514,1475.382594
-30.0,514,1475.945268
-30.0,515,1479.679354
-30.0,513,1480.240601
-30.0,513,1480.800693
-32.0,519,1481.368905
-30.0,514,1485.00023
-30.0,514,1485.563232
-30.0,515,1486.127362
-32.0,516,1486.692941
-32.0,520,1490.321235
-31.0,520,1490.891134
-30.0,515,1491.454489
-30.0,519,1492.022613
-30.0,517,1495.729938
-30.0,514,1496.292805
-30.0,517,1496.858781
-30.0,515,1497.421851
-32.0,519,1501.064758
-32.0,514,1501.627817
-33.0,517,1502.193847
-30.0,515,1502.75687
-37.0,516,1506.45272
-30.0,516,1507.018037
-30.0,515,1507.581473
-30.0,515,1508.145782
-30.0,515,1511.681144
-30.0,514,1512.244501
-30.0,517,1512.810246
-30.0,516,1513.3752
-30.0,513,1517.096243
-31.0,528,1517.675163
-30.0,515,1518.239046
-30.0,514,1518.802368
-30.0,518,1522.510984
-33.0,516,1523.075363
-34.0,515,1523.637824
-33.0,517,1524.202674
-32.0,515,1528.056971
-30.0,532,1528.640639
-30.0,516,1529.204638
-30.0,518,1529.771806
-32.0,518,1533.508091
-30.0,517,1534.097294
-32.0,519,1534.665899
-30.0,517,1535.231841
-30.0,519,1538.879241
-30.0,520,1539.448885
-30.0,515,1540.022505
-30.0,514,1540.586868
-30.0,514,1544.224089
-32.0,515,1544.78728
-34.0,518,1545.353314
-33.0,514,1545.915397
-30.0,512,1549.537654
-30.0,513,1550.099272
-30.0,517,1550.666207
-32.0,541,1554.149168
-43.0,518,1554.716281
-43.0,515,1555.280258
-42.0,516,1555.84491
-14.0,303,1556.177263
-13.0,168,1556.362277
-35.0,514,1560.272773
-33.0,514,1560.835506
-36.0,513,1561.39695
-33.0,516,1561.962012
-31.0,520,1565.573877
-31.0,513,1566.136113
-30.0,516,1566.701776
-33.0,514,1570.023386
-35.0,515,1570.587747
-33.0,515,1571.153152
-37.0,514,1571.716071
-33.0,515,1575.345361
-31.0,518,1575.911921
-33.0,515,1576.475795
-30.0,512,1577.036222
-33.0,516,1580.592623
-30.0,516,1581.1579
-35.0,514,1581.721266
-30.0,512,1582.282373
-37.0,515,1585.902409
-70.0,516,1586.467501
-66.0,514,1587.031273
-65.0,521,1587.601162
-54.0,513,1591.32987
-31.0,516,1591.894751
-30.0,529,1592.47504
-33.0,516,1593.039292
-33.0,515,1596.682838
-31.0,516,1597.249321
-31.0,537,1597.837359
-30.0,520,1598.406963
-30.0,516,1602.086394
-30.0,517,1602.655912
-30.0,517,1603.221497
-30.0,519,1603.791102
-30.0,513,1607.518706
-30.0,519,1608.086675
-31.0,518,1608.653947
-31.0,514,1609.216623
-30.0,514,1612.928371
-49.0,517,1613.493321
-41.0,517,1614.059051
-53.0,536,1614.64686
-54.0,539,1618.418457
-70.0,525,1618.994447
-38.0,516,1619.559943
-55.0,544,1620.156393
-55.0,523,1623.861678
-39.0,517,1624.42729
-46.0,536,1625.013613
-38.0,516,1625.578473
-38.0,515,1629.252325
-44.0,515,1629.816947
-42.0,514,1630.380184
-42.0,522,1630.952371
-53.0,520,1634.539685
-50.0,514,1635.10269
-49.0,519,1635.672081
-44.0,517,1636.239357
-41.0,515,1639.92449
-41.0,515,1640.488978
-44.0,513,1641.051274
-36.0,514,1641.614315
-39.0,516,1645.38645
-41.0,513,1645.948663
-35.0,518,1646.515705
-38.0,517,1647.081281
-38.0,517,1650.736987
-32.0,513,1651.299565
-33.0,515,1651.863435
-34.0,519,1652.432663
-33.0,513,1656.015496
-33.0,525,1656.59198
-29.0,519,1657.161188
-33.0,518,1657.740034
-31.0,513,1661.568472
-30.0,514,1662.132135
-31.0,516,1662.697603
-30.0,518,1663.264956
-33.0,514,1666.866165
-31.0,515,1667.430323
-29.0,518,1667.996387
-34.0,516,1668.561782
-31.0,513,1672.128992
-33.0,527,1672.707511
-29.0,513,1673.269326
-30.0,517,1673.836035
-29.0,516,1677.452053
-29.0,516,1678.017463
-30.0,514,1678.580238
-31.0,536,1679.168553
-30.0,513,1682.768799
-32.0,514,1683.33196
-30.0,516,1683.896104
-29.0,514,1687.34048
-29.0,513,1687.901918
-30.0,513,1688.46472
-30.0,515,1689.029862
-31.0,516,1692.727333
-30.0,514,1693.291264
-29.0,517,1693.858346
-31.0,532,1694.442417
-31.0,525,1698.081333
-34.0,513,1698.642936
-34.0,512,1699.205097
-34.0,513,1699.768214
-37.0,514,1703.333302
-30.0,514,1703.895983
-30.0,513,1704.458204
-34.0,514,1705.021422
-32.0,513,1708.724064
-30.0,514,1709.286464
-33.0,515,1709.849695
-29.0,516,1710.415086
-33.0,518,1714.147975
-37.0,516,1714.713146
-34.0,513,1715.274602
-29.0,515,1715.838569
-33.0,515,1719.57423
-14.0,257,1719.856985
-30.0,514,1720.420856
-30.0,513,1720.984148
-32.0,515,1721.549362
-31.0,516,1725.537346
-34.0,515,1726.10679
-34.0,515,1726.670177
-31.0,514,1727.235122
-30.0,523,1730.975714
-35.0,514,1731.568959
-34.0,519,1732.167143
-34.0,515,1732.733647
-30.0,513,1736.457389
-30.0,516,1737.021203
-35.0,517,1737.586487
-33.0,515,1738.148723
-34.0,517,1741.956959
-30.0,514,1742.521009
-29.0,516,1743.087517
-31.0,519,1743.657066
-34.0,518,1747.354461
-30.0,512,1747.915442
-30.0,512,1748.475655
-30.0,515,1749.038582
-32.0,516,1752.754016
-31.0,513,1753.312017
-33.0,513,1753.872775
-34.0,518,1754.438272
-31.0,518,1758.228564
-29.0,513,1758.79012
-34.0,515,1759.355719
-31.0,519,1759.925941
-32.0,517,1763.615823
-29.0,513,1764.176357
-29.0,514,1764.740397
-31.0,515,1765.304729
-30.0,515,1769.154987
-29.0,519,1769.725574
-29.0,515,1770.291398
-30.0,517,1770.859307
-29.0,513,1774.537483
-32.0,527,1775.113708
-31.0,520,1775.682271
-31.0,532,1779.103314
-31.0,525,1779.680292
-30.0,516,1780.246908
-30.0,519,1780.816967
-31.0,541,1784.516896
-30.0,536,1785.104862
-30.0,532,1785.694146
-32.0,520,1786.273409
-29.0,538,1790.429837
-31.0,525,1791.007245
-30.0,533,1791.592417
-30.0,531,1792.175462
-30.0,525,1796.044746
-30.0,519,1796.616299
-32.0,539,1797.209112
-32.0,529,1797.791483
-30.0,531,1801.710112
-31.0,528,1802.289822
-31.0,530,1802.871656
-29.0,521,1803.443701
-30.0,525,1807.317473
-31.0,536,1807.906212
-30.0,527,1808.484451
-30.0,535,1809.071164
-30.0,533,1812.991371
-35.0,517,1813.558682
-32.0,532,1814.142769
-32.0,523,1814.716629
-31.0,513,1818.541511
-36.0,529,1819.122764
-34.0,537,1819.713089
-33.0,518,1820.282323
-29.0,521,1824.1243
-33.0,527,1824.704333
-32.0,531,1825.287732
-33.0,510,1828.816643
-31.0,519,1829.387078
-31.0,512,1829.9477
-31.0,516,1830.512485
-31.0,530,1834.35118
-34.0,524,1834.926163
-38.0,521,1835.497787
-32.0,527,1836.077364
-35.0,510,1839.939576
-39.0,527,1840.51916
-41.0,529,1841.100626
-36.0,551,1841.705653
-33.0,520,1845.580605
-33.0,529,1846.181323
-34.0,519,1846.764749
-33.0,529,1847.345319
-30.0,541,1851.254362
-36.0,515,1851.818799
-33.0,542,1852.413772
-33.0,514,1852.97684
-34.0,538,1856.879128
-31.0,514,1857.443164
-29.0,519,1858.011772
-30.0,515,1858.575314
-30.0,516,1862.355762
-32.0,513,1862.917219
-33.0,515,1863.482038
-34.0,517,1864.048926
-33.0,520,1867.867468
-34.0,518,1868.435764
-35.0,514,1868.998786
-40.0,517,1869.567566
-39.0,515,1873.268302
-39.0,536,1873.857399
-34.0,515,1874.423647
-31.0,515,1874.990223
-36.0,533,1878.831035
-32.0,515,1879.395854
-36.0,514,1879.959266
-31.0,517,1880.526886
-33.0,514,1884.349933
-35.0,513,1884.913795
-32.0,514,1885.478204
-32.0,515,1886.043823
-30.0,514,1889.872687
-34.0,516,1890.439463
-31.0,515,1891.003686
-30.0,513,1891.566076
-31.0,516,1895.462353
-30.0,515,1896.027823
-30.0,517,1896.595615
-30.0,538,1897.186386
-29.0,516,1901.016254
-30.0,515,1901.582354
-31.0,515,1902.147858
-30.0,516,1902.714853
-36.0,521,1906.56942
-32.0,513,1907.134405
-33.0,515,1907.700212
-30.0,520,1908.271654
-31.0,515,1912.09817
-31.0,515,1912.660604
-31.0,517,1913.227465
-31.0,516,1916.839658
-31.0,517,1917.408946
-32.0,518,1918.011607
-33.0,516,1918.578372
-30.0,515,1922.329158
-33.0,518,1922.896466
-31.0,515,1923.460581
-32.0,516,1924.025414
-32.0,517,1927.932555
-31.0,515,1928.49816
-30.0,537,1929.089671
-30.0,518,1929.658401
-32.0,516,1933.53039
-33.0,546,1934.130691
-31.0,516,1934.696511
-34.0,514,1935.261831
-31.0,518,1939.132122
-32.0,521,1939.704169
-29.0,519,1940.27326
-33.0,537,1940.862457
-31.0,521,1944.768768
-30.0,514,1945.332453
-32.0,520,1945.902975
-29.0,518,1946.470327
-29.0,515,1950.264811
-30.0,520,1950.835536
-30.0,514,1951.398608
-34.0,516,1951.963783
-31.0,515,1955.784777
-29.0,513,1956.347655
-31.0,516,1956.914129
-29.0,514,1957.478271
-30.0,516,1961.281158
-32.0,518,1961.849605
-29.0,515,1962.41533
-30.0,518,1962.984736
-31.0,517,1966.916413
-31.0,521,1967.488903
-31.0,514,1968.05342
-29.0,519,1968.621572
-30.0,515,1972.561451
-30.0,516,1973.127553
-30.0,512,1973.689011
-29.0,514,1974.263386
-30.0,514,1978.01683
-30.0,514,1978.603546
-30.0,520,1979.174552
-30.0,519,1979.744486
-29.0,513,1983.587016
-31.0,517,1984.153507
-29.0,522,1984.726332
-29.0,516,1985.2928
-33.0,516,1989.190349
-38.0,518,1989.759604
-33.0,522,1990.331468
-33.0,535,1990.918813
-24.0,453,1994.804599
-29.0,515,1995.368259
-29.0,516,1995.931723
-31.0,515,1996.493548
-30.0,515,2000.429657
-31.0,516,2000.995201
-30.0,517,2001.560674
-29.0,516,2002.124804
-29.0,515,2005.973077
-29.0,516,2006.539598
-33.0,535,2007.127731
-32.0,516,2007.694016
-30.0,514,2011.58004
-29.0,516,2012.146743
-29.0,516,2012.712419
-29.0,514,2013.276305
-32.0,520,2017.050863
-32.0,517,2017.615915
-29.0,517,2018.182634
-31.0,518,2018.752572
-32.0,521,2022.590381
-29.0,515,2023.154559
-35.0,525,2023.730469
-29.0,512,2024.289409
-30.0,516,2028.166658
-29.0,516,2028.733174
-31.0,514,2029.297582
-29.0,512,2029.859605
-30.0,515,2033.873003
-29.0,515,2034.45082
-31.0,515,2035.017267
-30.0,514,2035.587117
-34.0,370,2039.368185
-9.0,149,2039.533734
-77.0,517,2040.100554
-80.0,519,2040.67
-63.0,515,2041.23456
-34.0,517,2045.460413
-42.0,516,2046.031654
-38.0,514,2046.595886
-37.0,434,2047.073079
-34.0,517,2050.909656
-30.0,521,2051.499008
-30.0,517,2052.066794
-30.0,515,2052.632793
-32.0,518,2056.481757
-30.0,517,2057.04907
-30.0,515,2057.613465
-30.0,517,2058.180845
-30.0,517,2062.039647
-30.0,512,2062.601938
-30.0,516,2063.168942
-30.0,516,2063.735205
-81.0,437,2067.688823
-91.0,518,2068.255745
-91.0,520,2068.825603
-81.0,485,2069.355752
-17.0,167,2072.95848
-55.0,520,2073.528014
-64.0,525,2074.104283
-26.0,229,2074.356829
-70.0,517,2074.924346
-25.0,197,2075.141355
-20.0,179,2079.276964
-12.0,137,2079.428386
-7.0,135,2079.577385
-23.0,185,2079.78105
-24.0,231,2080.035265
-6.0,125,2080.173247
-16.0,148,2080.336272
-14.0,167,2080.520329
-18.0,178,2080.716457
-37.0,288,2081.033064
-9.0,130,2081.176687
-53.0,518,2087.350704
-18.0,230,2087.603804
-34.0,344,2087.981
-19.0,233,2088.237039
-15.0,179,2088.434547
-2.0,99,2088.544093
-57.0,519,2089.112376
-8.0,132,2093.605502
-3.0,100,2093.715887
-4.0,121,2093.859175
-23.0,247,2094.155604
-32.0,522,2094.765732
-33.0,519,2095.334542
-30.0,520,2095.915177
-42.0,277,2100.185179
-7.0,118,2100.315428
-6.0,153,2100.483933
-33.0,195,2100.698409
-9.0,136,2100.848214
-62.0,425,2101.313858
-10.0,133,2101.460615
-79.0,459,2101.964071
-9.0,171,2107.126666
-26.0,214,2107.362188
-50.0,307,2107.699069
-9.0,134,2107.847219
-14.0,178,2108.043136
-57.0,437,2108.522517
-63.0,386,2108.94603
-5.0,100,2109.056773
-12.0,151,2109.223297
-30.0,277,2114.711234
-9.0,164,2114.892066
-6.0,131,2115.036825
-13.0,153,2115.20581
-26.0,295,2115.530055
-38.0,295,2115.854584
-16.0,162,2116.033284
-17.0,164,2116.214077
-23.0,231,2116.468452
-14.0,181,2116.667986
-13.0,152,2122.210651
-6.0,119,2122.342212
-10.0,147,2122.504257
-6.0,113,2122.629207
-17.0,199,2122.847497
-17.0,163,2123.027096
-4.0,118,2123.157171
-11.0,169,2123.342908
-50.0,385,2123.763999
-4.0,117,2123.892511
-37.0,345,2124.268497
-47.0,279,2130.290285
-37.0,241,2130.554964
-7.0,134,2130.702125
-31.0,228,2130.951735
-20.0,197,2131.167791
-32.0,276,2131.47117
-32.0,299,2131.799711
-21.0,195,2132.014441
-34.0,230,2132.267299
-44.0,247,2137.627138
-31.0,213,2137.861477
-4.0,118,2137.991702
-26.0,161,2138.169213
-12.0,119,2138.300683
-6.0,106,2138.417926
-5.0,97,2138.525398
-20.0,152,2138.693219
-2.0,89,2138.791963
-8.0,114,2138.918087
-41.0,227,2139.167912
-47.0,277,2139.472603
-39.0,229,2139.724784
-7.0,115,2146.323454
-3.0,100,2146.434121
-8.0,117,2146.56351
-26.0,178,2146.759783
-36.0,213,2146.994426
-27.0,195,2147.209285
-1.0,70,2147.287086
-3.0,102,2147.399871
-15.0,153,2147.568816
-12.0,120,2147.701259
-2.0,84,2147.794432
-23.0,204,2148.018959
-2.0,82,2148.109902
-5.0,100,2148.22056
-15.0,133,2148.367371
-4.0,81,2148.457235
-5.0,97,2156.088961
-9.0,119,2156.221705
-12.0,147,2156.385012
-2.0,87,2156.482367
-3.0,83,2156.575256
-3.0,117,2156.70567
-5.0,98,2156.815109
-5.0,98,2156.924313
-20.0,183,2157.129403
-26.0,215,2157.365905
-17.0,168,2157.551253
-7.0,137,2157.702335
-12.0,148,2157.865377
-55.0,520,2164.97658
-5.0,84,2165.070522
-5.0,117,2165.199727
0.0,66,2165.273325
-2.0,86,2165.368728
-44.0,518,2165.962913
-1.0,83,2166.055706
-14.0,135,2166.204832
-5.0,104,2166.319859
-1.0,67,2166.394238
-41.0,514,2166.957379
-27.0,212,2173.024223
-54.0,306,2173.360806
-16.0,148,2173.524184
-24.0,162,2173.702489
0.0,69,2173.779403
-5.0,100,2173.890252
-6.0,98,2173.99877
-6.0,117,2174.128078
-26.0,187,2174.334299
0.0,67,2174.408889
-10.0,129,2174.551311
0.0,69,2174.628023
-3.0,83,2174.719865
-12.0,130,2174.863495
-15.0,150,2175.029207
-5.0,84,2175.122363
-4.0,86,2182.816945
0.0,71,2182.895914
-53.0,516,2183.462252
-3.0,81,2183.55272
-21.0,211,2183.784447
-7.0,100,2183.895169
-3.0,66,2183.96864
0.0,65,2184.041076
-46.0,502,2184.590776
-21.0,211,2184.822969
0.0,66,2184.89661
-11.0,114,2185.02222
-36.0,388,2191.293752
-17.0,165,2191.475497
-11.0,116,2191.603776
-6.0,101,2191.7155
-53.0,516,2192.280132
-1.0,69,2192.357305
-6.0,100,2192.467384
-22.0,226,2192.715132
-17.0,182,2192.914768
-3.0,66,2192.988019
-55.0,516,2198.985937
-25.0,230,2199.239412
-24.0,275,2199.541092
-14.0,131,2199.68572
-8.0,115,2199.812526
-61.0,517,2200.378376
-76.0,513,2205.126985
-86.0,515,2205.691687
-44.0,307,2206.02935
-12.0,151,2206.195813
-52.0,346,2206.575162
-17.0,196,2206.790743
-24.0,168,2206.975687
-45.0,392,2211.773548
-4.0,85,2211.867775
-58.0,506,2212.422429
-63.0,515,2212.985337
-61.0,514,2213.546388
-40.0,515,2217.906574
-9.0,166,2218.090238
-31.0,344,2218.468039
-13.0,212,2218.701254
-57.0,516,2219.267954
-51.0,515,2219.844728
-2.0,100,2223.958847
-42.0,513,2224.521183
-4.0,85,2224.615941
-51.0,512,2225.177205
0.0,68,2225.253422
-40.0,516,2225.81922
-43.0,516,2230.404331
-42.0,513,2230.96555
-43.0,517,2231.531099
-35.0,514,2232.09499
-4.0,117,2232.22525
-41.0,518,2236.477308
-39.0,521,2237.049735
-37.0,518,2237.618898
-42.0,517,2238.185552
-32.0,513,2241.950429
-30.0,520,2242.520001
-30.0,526,2243.096449
-34.0,514,2243.660326
-21.0,205,2247.218508
-42.0,210,2247.449256
-67.0,290,2247.767202
-60.0,290,2248.085363
0.0,68,2248.160873
-2.0,83,2248.252603
-36.0,232,2248.507073
-91.0,343,2248.882702
-29.0,166,2249.065258
-78.0,310,2254.516135
-2.0,84,2254.609173
-37.0,245,2254.878049
-23.0,212,2255.11071
-59.0,290,2255.42872
-36.0,259,2255.712981
-42.0,213,2255.947312
-6.0,116,2256.075325
-20.0,130,2256.218628
-2.0,83,2256.310616
-68.0,513,2262.393716
-18.0,162,2262.57304
-70.0,517,2263.140044
-26.0,198,2263.358719
-9.0,148,2263.52215
-41.0,327,2263.881313
-41.0,329,2264.242758
-22.0,168,2264.427902
-20.0,164,2269.34183
-17.0,194,2269.555683
-6.0,100,2269.666849
-2.0,67,2269.741407
-16.0,211,2269.973778
-8.0,183,2270.175689
-9.0,135,2270.324814
-26.0,341,2270.699863
-24.0,197,2270.91686
-12.0,147,2271.079364
-11.0,146,2271.240773
-17.0,201,2271.462308
-37.0,540,2278.145942
-17.0,260,2278.431396
-11.0,131,2278.575788
-25.0,258,2278.85925
-28.0,358,2279.251276
-14.0,195,2279.465385
-31.0,324,2279.820945
-36.0,540,2284.737936
-31.0,527,2285.316878
-28.0,308,2285.655913
-13.0,246,2285.926736
-24.0,288,2286.242933
-103.0,529,2290.535697
-19.0,147,2290.698584
-21.0,133,2290.845359
-2.0,116,2290.973848
-15.0,180,2291.171869
-33.0,179,2291.368585
-28.0,181,2291.567117
-53.0,337,2291.936334
-17.0,147,2292.099744
-38.0,211,2292.3323
-64.0,306,2298.027041
-31.0,246,2298.297846
-127.0,518,2298.866401
-142.0,500,2299.41626
-54.0,277,2299.721064
-89.0,417,2303.846236
-83.0,514,2304.41044
-102.0,516,2304.978833
-94.0,515,2305.544732
-46.0,499,2309.413005
-14.0,226,2309.661117
-37.0,516,2310.225872
1.0,53,2310.285642
-39.0,515,2310.849286
-41.0,516,2311.414413
-31.0,514,2315.87145
-30.0,513,2316.434123
-30.0,515,2316.99829
-30.0,514,2317.560486
-30.0,244,2321.063246
-10.0,129,2321.205247
-1.0,68,2321.280803
-6.0,132,2321.426095
-12.0,130,2321.569551
-9.0,116,2321.697351
-4.0,84,2321.790147
-4.0,97,2321.897281
-14.0,162,2322.075136
-66.0,557,2322.684137
-16.0,168,2322.86965
-14.0,134,2323.017478
-57.0,435,2329.636878
-3.0,102,2329.749947
-10.0,165,2329.932006
-3.0,115,2330.05915
-9.0,146,2330.220216
-26.0,336,2330.589791
-13.0,182,2330.790147
-38.0,337,2331.160928
-12.0,145,2331.320939
-4.0,82,2331.411925
-10.0,113,2337.026759
-29.0,202,2337.248996
-18.0,182,2337.449356
-40.0,439,2337.930484
-29.0,179,2338.127538
-34.0,245,2338.396906
-10.0,115,2338.523852
-9.0,97,2338.631223
-13.0,147,2338.793183
-7.0,102,2338.906013
-32.0,181,2339.105347
-90.0,516,2345.393549
1.0,51,2345.452672
-35.0,228,2345.709972
-24.0,150,2345.880951
-5.0,86,2345.981141
-17.0,86,2346.080115
-26.0,166,2346.26298
-16.0,84,2346.356186
-6.0,66,2346.429576
-2.0,64,2346.500734
-28.0,115,2346.628034
-9.0,82,2346.718951
-45.0,211,2346.951152
-8.0,66,2347.024733
-92.0,513,2354.560762
-10.0,84,2354.654168
-20.0,99,2354.763505
-59.0,518,2355.329696
-14.0,100,2355.440689
-56.0,325,2355.796459
-5.0,66,2355.869825
-28.0,213,2356.103101
-26.0,129,2356.245279
-38.0,245,2361.565628
-11.0,66,2361.639153
-58.0,520,2362.209959
1.0,52,2362.268575
-10.0,97,2362.3759
-21.0,128,2362.516915
-20.0,98,2362.625304
-4.0,66,2362.698667
0.0,54,2362.75884
-13.0,99,2362.868305
-24.0,196,2363.083998
-58.0,517,2363.650617
-45.0,522,2370.048905
-37.0,519,2370.620035
-2.0,66,2370.694227
-4.0,80,2370.78317
-47.0,516,2371.350201
-63.0,532,2375.681686
-7.0,86,2375.777509
-10.0,134,2375.925393
-5.0,97,2376.032907
-13.0,181,2376.23226
-2.0,65,2376.304672
-10.0,161,2376.482267
-22.0,295,2376.806389
-27.0,230,2377.05923
-7.0,100,2377.169944
-10.0,130,2377.313223
-23.0,213,2377.547584
-14.0,148,2377.710757
-68.0,483,2384.735013
-7.0,86,2384.830276
-2.0,83,2384.922356
-11.0,112,2385.046016
-1.0,85,2385.140256
-67.0,518,2385.708498
-16.0,181,2385.908581
-31.0,289,2386.226343
1.0,51,2386.283342
-10.0,99,2386.392861
-43.0,516,2392.346756
-37.0,515,2392.911709
-33.0,515,2393.476208
-35.0,512,2394.037318
-95.0,540,2397.80441
-25.0,180,2398.002949
-104.0,520,2398.573527
-15.0,194,2398.7879
-24.0,197,2399.00482
-79.0,526,2399.5821
-66.0,562,2404.304499
-7.0,100,2404.415748
-72.0,524,2404.990985
-60.0,548,2405.594462
-88.0,451,2409.607425
-19.0,166,2409.790229
-15.0,150,2409.955078
-43.0,340,2410.501695
-40.0,277,2410.806082
-37.0,288,2411.123976
-87.0,518,2411.691307
-27.0,230,2411.943491
-89.0,512,2417.262431
-43.0,374,2417.673302
-75.0,516,2418.238297
-84.0,516,2418.804656
-8.0,136,2418.955528
-55.0,517,2423.130914
-54.0,514,2423.694344
-71.0,514,2424.257301
-19.0,212,2424.490747
-38.0,291,2424.809921
-18.0,181,2428.609617
-47.0,513,2429.171795
-13.0,148,2429.334875
-50.0,518,2429.903129
-44.0,425,2430.370416
-24.0,350,2434.337066
-50.0,514,2434.900872
-50.0,517,2435.469089
-40.0,518,2436.036755
-47.0,518,2439.931689
-43.0,517,2440.497378
-42.0,452,2440.99472
-45.0,517,2441.56149
-12.0,180,2441.760242
-38.0,516,2445.949012
-2.0,69,2446.026326
-36.0,511,2446.586899
-38.0,520,2447.158631
-37.0,517,2447.725826
-36.0,370,2451.82598
-56.0,516,2452.391742
-54.0,515,2452.957482
-65.0,516,2453.524035
-50.0,512,2457.548886
-35.0,514,2458.112716
-36.0,518,2458.681193
-37.0,517,2459.249646
-4.0,116,2459.378424
-21.0,276,2463.343886
-23.0,208,2463.572897
-55.0,517,2464.388785
-24.0,193,2464.6011
-4.0,131,2464.745071
-11.0,114,2464.870682
-25.0,230,2465.122838
-21.0,146,2465.283202
-28.0,226,2465.68822
-31.0,464,2471.559291
-33.0,387,2471.98431
-32.0,274,2472.285811
-11.0,183,2472.487743
-40.0,513,2473.050584
-5.0,82,2473.142561
0.0,70,2473.220428
-10.0,130,2473.364319
-4.0,99,2473.474016
-32.0,484,2478.971364
-39.0,514,2479.533816
-34.0,516,2480.09929
-43.0,569,2480.722787
-30.0,515,2484.563017
-32.0,514,2485.126513
-31.0,515,2485.691874
-36.0,529,2486.272677
-33.0,314,2489.860573
-65.0,551,2490.465381
-28.0,232,2490.721383
-9.0,153,2490.890321
-3.0,64,2490.961576
-6.0,86,2491.056842
0.0,67,2491.13137
0.0,68,2491.207039
1.0,49,2491.261879
-25.0,179,2491.458713
-9.0,141,2491.61433
-1.0,71,2491.693404
-13.0,218,2497.92548
1.0,50,2497.981497
-12.0,231,2498.235911
-22.0,226,2498.484542
0.0,68,2498.560339
-44.0,355,2498.950461
-13.0,211,2499.183026
-50.0,492,2499.723927
-12.0,170,2499.911551
1.0,54,2499.971887
-10.0,165,2505.350789
1.0,52,2505.409005
-5.0,164,2505.589807
-28.0,330,2505.952547
-20.0,210,2506.184067
-21.0,289,2506.50211
-17.0,229,2506.75434
-43.0,401,2507.195579
-38.0,374,2512.192899
-6.0,67,2512.267513
-33.0,542,2512.860765
-40.0,519,2513.430378
-27.0,272,2513.729539
-6.0,65,2513.802066
-20.0,359,2514.195641
-35.0,525,2519.119819
-34.0,519,2519.688299
1.0,66,2519.762246
-32.0,518,2520.329213
-34.0,515,2520.893568
-78.0,320,2524.91285
-18.0,178,2525.109005
-2.0,82,2525.200018
-54.0,258,2525.483648
-15.0,155,2525.654646
-99.0,354,2526.060233
-79.0,323,2526.417364
-6.0,100,2526.528101
-152.0,518,2531.821362
-81.0,257,2532.104923
-22.0,211,2532.337304
-165.0,322,2532.690833
-23.0,212,2532.924106
-473.0,517,2533.495319
-35.0,229,2533.74867
-57.0,419,2538.510476
-64.0,406,2538.956926
-95.0,515,2539.523419
-51.0,354,2539.913228
-39.0,537,2543.775195
-29.0,515,2544.340715
-30.0,513,2544.90418
-31.0,534,2545.490958
-105.0,514,2549.383027
-154.0,514,2549.947266
-4.0,67,2550.022383
-4.0,65,2550.094751
0.0,69,2550.17141
-171.0,518,2550.737951
-33.0,115,2550.864902
-3.0,82,2550.955765
-175.0,515,2556.310701
1.0,50,2556.36724
-12.0,101,2556.479027
-43.0,357,2556.871171
-94.0,515,2557.435955
-23.0,242,2557.702585
-2.0,68,2557.778409
-59.0,338,2558.149365
-32.0,242,2558.414965
-53.0,515,2563.894643
-56.0,517,2564.461981
-52.0,514,2565.025992
-5.0,83,2565.118589
-43.0,515,2565.681061
1.0,50,2569.320744
-35.0,516,2569.887773
-42.0,516,2570.454978
-41.0,515,2571.020487
-35.0,527,2574.739102
-4.0,85,2574.833861
-34.0,516,2575.399145
-9.0,148,2575.562585
0.0,82,2575.653447
-40.0,516,2576.219323
-37.0,513,2576.781857
-107.0,515,2581.801841
-117.0,516,2582.367878
-107.0,435,2582.845019
-24.0,161,2583.022135
-38.0,241,2583.286345
-119.0,519,2587.490839
-62.0,514,2588.056692
-94.0,516,2588.625826
-70.0,515,2589.201119
-56.0,515,2592.905565
-48.0,531,2593.491248
-32.0,517,2594.061185
-48.0,515,2594.628579
-32.0,529,2598.623936
-32.0,515,2599.189361
-34.0,516,2599.75655
-36.0,514,2600.320194
-30.0,515,2604.110698
-31.0,514,2604.675572
-33.0,514,2605.239993
-32.0,514,2605.804856
-32.0,514,2609.769285
-31.0,514,2610.333157
-30.0,514,2610.895968
-36.0,526,2611.472159
-33.0,513,2615.39827
-34.0,538,2615.990556
-32.0,526,2616.569166
-32.0,528,2617.15042
-37.0,534,2621.032417
-33.0,515,2621.597239
-37.0,522,2622.170014
-29.0,513,2622.732643
-35.0,517,2626.672487
-41.0,514,2627.236617
-39.0,512,2627.798279
-38.0,516,2628.364005
-29.0,513,2632.095268
-30.0,517,2632.663304
-31.0,520,2633.234714
-29.0,516,2633.801385
-102.0,516,2637.860135
-129.0,513,2638.422556
-13.0,131,2638.567577
-146.0,517,2639.132448
-124.0,516,2643.091364
-78.0,518,2643.660009
-54.0,525,2644.237369
-92.0,515,2644.802671
-58.0,516,2648.663317
-51.0,516,2649.22979
-38.0,515,2649.79567
-41.0,514,2650.359728
-47.0,521,2654.256863
-38.0,516,2654.823768
-34.0,513,2655.386282
-38.0,518,2655.955741
-37.0,515,2659.753883
-32.0,518,2660.324652
-1.0,68,2660.400832
-31.0,516,2660.966278
-29.0,514,2661.530877
-33.0,517,2665.895113
-31.0,516,2666.462278
-32.0,513,2667.024969
-30.0,517,2667.593445
-33.0,527,2671.474295
-32.0,519,2672.04485
-31.0,515,2672.610363
-29.0,517,2673.1779
-81.0,519,2677.051773
-160.0,513,2677.615596
-152.0,521,2678.188053
-79.0,257,2678.471325
-159.0,517,2682.296404
-36.0,513,2682.859993
-41.0,515,2683.425452
-38.0,514,2683.988058
-34.0,518,2687.668684
-30.0,516,2688.235665
-30.0,514,2688.800121
-32.0,520,2689.371921
-30.0,515,2693.131876
-30.0,514,2693.695145
-29.0,518,2694.263004
-29.0,513,2694.826513
-31.0,519,2698.667382
-31.0,515,2699.23117
-29.0,516,2699.797065
-30.0,515,2700.361778
-30.0,521,2704.461797
-31.0,518,2705.029819
-29.0,514,2705.593418
-30.0,517,2706.160124
-29.0,515,2710.037738
-29.0,517,2710.60498
-30.0,516,2711.172345
-29.0,512,2711.735368
-29.0,517,2716.128084
-29.0,516,2716.693844
-29.0,517,2717.261719
-30.0,517,2717.982341
-29.0,515,2721.922148
-31.0,537,2722.511183
-33.0,533,2723.095627
-30.0,519,2723.664765
-31.0,533,2727.526028
-32.0,518,2728.095287
-30.0,515,2728.660719
-30.0,514,2729.225471
-30.0,517,2733.105837
-31.0,516,2733.672362
-30.0,515,2734.238397
-32.0,519,2734.808467
-30.0,515,2738.652149
-30.0,517,2739.22016
-30.0,517,2739.787646
-30.0,523,2740.362613
-30.0,515,2744.312132
-30.0,520,2744.884281
-32.0,550,2745.488735
-30.0,535,2746.076457
-29.0,514,2750.011049
-29.0,513,2750.573302
-30.0,514,2751.138417
-29.0,515,2751.704707
-30.0,518,2755.519622
-30.0,515,2756.085428
-30.0,515,2756.650829
-30.0,518,2757.220194
-30.0,514,2761.018909
-35.0,516,2761.586296
-35.0,514,2762.151104
-33.0,515,2762.716933
-32.0,516,2766.57741
-34.0,517,2767.144518
-38.0,517,2767.711591
-43.0,520,2768.281693
-37.0,517,2772.219301
-41.0,528,2772.800495
-37.0,514,2773.365225
-37.0,515,2773.961372
-44.0,520,2778.003379
-34.0,514,2778.568608
-33.0,514,2779.133706
-35.0,530,2779.716393
-36.0,515,2783.654478
-29.0,514,2784.252706
-31.0,514,2784.816296
-31.0,537,2785.405905
-32.0,515,2789.241409
-29.0,514,2789.805772
-30.0,515,2790.371343
-30.0,515,2790.937986
-32.0,519,2794.682499
-31.0,517,2795.249943
-33.0,535,2795.837366
-29.0,516,2799.405716
-30.0,515,2799.969704
-29.0,514,2800.533237
-29.0,515,2801.09854
-29.0,514,2804.957652
-29.0,516,2805.524204
-29.0,515,2806.090357
-29.0,516,2806.657435
-29.0,516,2810.408238
-29.0,516,2810.976027
-29.0,515,2811.542225
-29.0,517,2812.11034
-29.0,516,2815.879729
-29.0,516,2816.444824
-29.0,514,2817.009066
-29.0,518,2817.578178
-29.0,515,2821.409404
-30.0,512,2821.971905
-30.0,514,2822.536258
-30.0,513,2823.10106
-30.0,520,2827.041792
-33.0,522,2827.615168
-37.0,514,2828.179919
-33.0,515,2828.745393
-31.0,516,2832.550408
-34.0,514,2833.115209
-33.0,514,2833.679224
-32.0,515,2834.282983
