#{"t_start": 1775185253.6992292, "env_id": "OpenTheChests-v2"}
r,l,t
-70.0,51,0.23514
-137.0,90,0.380993
-71.0,52,0.465515
-116.0,84,0.60145
-381.0,240,0.998651
-74.0,49,1.078681
-509.0,331,1.61281
-188.0,128,1.819809
-216.0,138,2.04309
-136.0,103,2.209353
-366.0,245,2.605086
-116.0,86,2.744685
-159.0,103,2.914445
-174.0,119,3.10956
-118.0,82,3.242184
-136.0,83,3.37645
-117.0,83,4.648307
-143.0,100,4.811574
-136.0,99,4.973013
-134.0,108,5.151534
-151.0,118,5.343257
-110.0,87,5.484897
-116.0,85,5.624644
-297.0,221,5.983337
-220.0,153,6.231555
-230.0,164,6.497283
-97.0,72,6.61382
-227.0,172,6.892449
-115.0,87,7.033438
-65.0,49,7.113522
-86.0,71,7.229457
-80.0,68,7.340447
-109.0,85,7.479376
-92.0,65,7.584639
-159.0,120,7.779454
-143.0,105,7.95033
-159.0,135,9.174339
-175.0,135,9.394362
-62.0,51,9.478154
-121.0,87,9.620017
-122.0,88,9.763829
-141.0,117,9.954323
-181.0,143,10.186197
-112.0,85,10.323918
-46.0,48,10.402098
-197.0,139,10.626668
-184.0,135,10.844659
-316.0,242,11.239289
-336.0,259,11.656274
-157.0,117,11.846475
-85.0,71,11.962241
-55.0,50,12.044307
-192.0,160,13.29975
-187.0,154,13.550433
-243.0,188,13.85555
-109.0,104,14.024596
-79.0,67,14.133401
-255.0,212,14.475127
-197.0,170,14.748991
-189.0,159,15.00572
-102.0,82,15.138599
-224.0,170,15.413069
-57.0,52,15.497786
-132.0,119,15.690205
-251.0,187,15.993992
-228.0,192,16.306153
-246.0,210,17.643593
-176.0,153,17.892706
-191.0,167,18.163667
-116.0,99,18.324586
-62.0,69,18.436612
-110.0,98,18.595559
-254.0,217,18.946264
-84.0,71,19.062074
-239.0,210,19.401096
-139.0,122,19.598943
-118.0,120,19.794492
-241.0,207,20.131491
-178.0,166,20.401742
-227.0,203,20.732191
-108.0,101,20.897223
-134.0,139,22.119179
-148.0,151,22.363428
-64.0,67,22.472158
-225.0,215,22.818434
-139.0,147,23.055239
-247.0,214,23.400084
-114.0,105,23.569724
-113.0,121,23.765722
-191.0,169,24.040459
-60.0,67,24.149836
-160.0,152,24.396906
-272.0,250,24.804293
-196.0,181,25.098428
-116.0,103,26.255682
-305.0,264,26.684234
-46.0,50,26.765812
-244.0,222,27.123701
-280.0,230,27.498153
-267.0,230,27.871087
-129.0,100,28.034505
-76.0,67,28.144335
-85.0,85,28.283342
-167.0,152,28.531602
-126.0,106,28.704303
-125.0,111,28.885209
-173.0,143,29.1181
-130.0,131,29.331557
-133.0,130,29.543102
-89.0,87,30.67026
-56.0,50,30.751952
-348.0,297,31.230528
-252.0,222,31.588747
-90.0,87,31.730278
-315.0,274,32.175927
-366.0,304,32.669476
-169.0,149,32.911716
-75.0,83,33.047224
-120.0,115,33.235937
-127.0,115,33.423219
-93.0,84,33.560389
-118.0,120,33.755656
-339.0,279,35.197061
-88.0,84,35.334457
-151.0,138,35.557373
-90.0,88,35.700161
-113.0,105,35.870786
-213.0,168,36.143633
-90.0,84,36.280437
-508.0,408,36.942405
-54.0,50,37.024296
-102.0,104,37.193657
-343.0,284,37.655201
-211.0,186,37.95695
-334.0,286,39.409649
-187.0,165,39.67569
-69.0,67,39.784972
-194.0,166,40.054908
-147.0,135,40.274418
-150.0,118,40.466134
-93.0,83,40.601587
-258.0,214,40.948417
-237.0,205,41.280796
-142.0,136,41.503299
-177.0,163,41.768171
-270.0,241,42.158316
-110.0,98,42.316853
-61.0,53,42.403041
-121.0,98,43.549084
-124.0,114,43.734359
-185.0,137,43.957502
-215.0,175,44.241758
-195.0,167,44.514485
-138.0,120,44.709924
-91.0,91,44.858323
-67.0,68,44.969318
-227.0,180,45.261663
-140.0,119,45.455492
-251.0,205,45.78865
-76.0,72,45.907098
-160.0,133,46.12281
-216.0,185,46.422002
-73.0,70,46.535522
-114.0,100,46.697487
-91.0,82,48.052633
-162.0,149,48.295458
-224.0,196,48.614685
-88.0,105,48.785652
-169.0,151,49.031657
-43.0,50,49.113507
-101.0,99,49.274659
-109.0,103,49.442466
-122.0,121,49.639102
-95.0,88,49.782107
-244.0,193,50.094633
-134.0,132,50.308135
-93.0,103,50.475003
-104.0,100,50.636868
-208.0,171,50.912773
-71.0,83,51.04729
-180.0,172,51.325119
-113.0,99,52.708249
-170.0,156,52.962089
-329.0,279,53.41511
-129.0,119,53.608898
-110.0,101,53.773507
-136.0,137,53.9966
-148.0,135,54.215499
-201.0,156,54.467634
-352.0,278,54.915623
-139.0,121,55.110291
-214.0,192,55.419794
-73.0,83,55.554363
-133.0,135,55.77317
-146.0,144,57.211855
-206.0,204,57.543363
-247.0,230,57.916668
-160.0,156,58.169956
-240.0,233,58.5463
-182.0,171,58.823016
-168.0,168,59.097754
-123.0,135,59.325337
-198.0,191,59.638608
-318.0,276,60.086699
-47.0,66,60.19462
-175.0,167,61.526813
-142.0,137,61.750388
-174.0,162,62.013867
-155.0,154,62.263533
-162.0,171,62.54011
-241.0,226,62.90482
-96.0,105,63.074809
-135.0,139,63.300528
-109.0,124,63.50174
-128.0,135,63.720926
-117.0,119,63.915064
-101.0,119,64.110457
-128.0,138,64.33678
-119.0,137,64.561634
-195.0,204,65.911281
-170.0,199,66.233541
-160.0,167,66.503124
-88.0,106,66.674705
-155.0,165,66.941113
-102.0,132,67.15416
-47.0,66,67.261382
-331.0,314,67.768658
-105.0,126,67.973837
-176.0,154,68.224996
-154.0,174,68.508285
-57.0,88,68.65207
-116.0,129,68.862235
-154.0,148,69.103207
-49.0,84,70.304472
-84.0,122,70.501911
-123.0,142,70.731123
-90.0,104,70.899386
-33.0,70,71.012938
-103.0,137,71.234125
-184.0,183,71.529603
-93.0,127,71.735606
-135.0,153,71.98426
-280.0,300,72.471909
-231.0,248,72.875377
-77.0,110,73.054455
-79.0,102,73.220699
-327.0,359,74.895308
-147.0,198,75.215232
-96.0,135,75.433649
-323.0,360,76.016649
-87.0,121,76.213927
-193.0,228,76.584597
-121.0,153,76.834106
-53.0,102,77.000573
-252.0,282,77.458602
-88.0,118,77.651027
-173.0,203,79.086533
-149.0,199,79.407841
-75.0,119,79.600666
-209.0,222,79.962737
-119.0,163,80.228303
-174.0,207,80.56518
-145.0,191,80.875687
-186.0,200,81.200908
-106.0,151,81.446674
-177.0,225,81.812853
-95.0,134,82.030769
-123.0,176,82.315289
-284.0,351,83.938006
-142.0,198,84.260031
-150.0,189,84.567141
-225.0,240,84.95712
-194.0,242,85.350919
-97.0,117,85.54162
-266.0,312,86.047642
-109.0,149,86.287934
-232.0,284,86.745442
-232.0,275,88.206292
-350.0,421,88.891369
-249.0,303,89.385081
-242.0,319,89.903865
-83.0,121,90.10042
-44.0,88,90.243189
-152.0,184,90.539984
-42.0,99,90.700305
-110.0,174,90.980903
-209.0,279,92.482409
-301.0,367,93.075809
-52.0,100,93.23829
-137.0,188,93.544456
-104.0,141,93.773398
-266.0,320,94.289221
-110.0,155,94.538546
-315.0,364,95.122752
-49.0,86,95.261503
-87.0,142,96.576086
-149.0,213,96.921829
-456.0,570,97.844745
-195.0,254,98.254402
-106.0,154,98.502669
-33.0,69,98.614432
-53.0,102,98.779358
-144.0,200,99.101985
-79.0,136,99.321613
-136.0,192,99.632161
-64.0,107,99.806176
-58.0,105,101.10567
-75.0,133,101.321767
-192.0,248,101.724118
-110.0,155,101.975601
-146.0,207,102.308937
-171.0,229,102.677616
-63.0,118,102.86798
-139.0,191,103.17529
-226.0,287,103.637019
-297.0,356,104.214117
-156.0,224,105.644052
-126.0,183,105.941544
-184.0,233,106.317943
-164.0,258,106.733933
-159.0,240,107.120158
-90.0,173,107.399788
-217.0,264,107.827579
-58.0,116,108.016713
-129.0,201,108.343762
-84.0,137,108.567095
-100.0,153,109.844177
-151.0,234,110.22273
-86.0,166,110.491044
-165.0,246,110.888465
-140.0,236,111.269826
-98.0,166,111.53845
-131.0,221,111.897083
-37.0,83,112.032732
-159.0,268,112.468057
-58.0,119,112.661994
-91.0,153,112.911092
-305.0,394,114.58949
-143.0,236,114.969304
-360.0,515,115.799371
-77.0,138,116.023969
-191.0,313,116.532284
-260.0,390,117.164529
-335.0,503,119.046869
-269.0,416,119.717699
-290.0,422,120.40146
-86.0,157,120.656403
-60.0,139,120.882424
-296.0,446,121.605152
-225.0,435,123.427562
-247.0,432,124.125262
-121.0,238,124.511211
-154.0,283,124.969561
-77.0,150,125.213046
-153.0,273,125.655254
-158.0,319,126.171219
-79.0,171,127.626405
-159.0,284,128.086835
-127.0,243,128.481373
-318.0,558,129.399418
-215.0,394,130.039042
-61.0,153,130.286205
-81.0,198,130.60573
-143.0,290,132.318908
-276.0,547,133.214894
-134.0,237,133.599919
-76.0,223,133.960339
-36.0,117,134.149642
-128.0,284,134.607133
-133.0,285,135.066447
-211.0,452,137.053921
-242.0,510,137.878114
-123.0,243,138.26939
-122.0,284,138.72714
-125.0,282,139.18145
-170.0,389,139.812179
-22.0,101,141.253955
-257.0,536,142.116334
-202.0,466,142.866111
-95.0,279,143.316911
-37.0,115,143.504221
-168.0,427,144.196215
-85.0,251,145.857116
-141.0,475,146.622212
-57.0,199,146.944474
-161.0,438,147.656776
-177.0,521,148.50367
-125.0,353,150.314029
-79.0,241,150.702669
-161.0,522,151.548622
-146.0,468,152.3083
-167.0,525,153.157894
-168.0,520,155.263141
-163.0,538,156.135504
-119.0,382,156.755367
-142.0,527,157.604076
-123.0,532,159.72833
-120.0,506,160.548032
-118.0,526,161.395285
-96.0,421,162.073953
-107.0,527,164.174178
-104.0,534,165.037814
-99.0,523,165.881277
-101.0,515,166.717872
-88.0,505,168.786938
-72.0,522,169.62626
-89.0,537,170.495654
-72.0,543,171.374573
-57.0,547,173.503313
-50.0,519,174.331647
-57.0,525,175.169863
-66.0,522,176.003347
-43.0,523,178.063454
-35.0,529,178.911098
-37.0,525,179.760567
-44.0,537,180.631267
-41.0,525,182.711008
-64.0,533,183.573977
-49.0,527,184.428506
-64.0,533,185.291748
-41.0,553,187.454641
-51.0,518,188.294533
-50.0,534,189.161433
-37.0,507,189.988838
-39.0,512,192.098497
-42.0,521,192.940503
-58.0,525,193.78702
-51.0,529,195.881793
-46.0,523,196.727204
-40.0,541,197.59967
-54.0,547,198.485804
-37.0,523,200.577635
-47.0,523,201.418731
-34.0,526,202.270634
-39.0,520,203.114939
-44.0,531,205.241078
-34.0,514,206.075225
-39.0,516,206.912496
-42.0,532,207.773815
-42.0,546,209.904858
-32.0,520,210.745013
-30.0,519,211.582547
-44.0,543,212.454559
-32.0,519,214.530396
-36.0,530,215.386318
-33.0,530,216.238081
-32.0,527,217.090712
-35.0,533,219.208168
-30.0,525,220.053804
-31.0,522,220.898832
-37.0,510,221.726588
-31.0,507,223.818285
-37.0,533,224.681166
-30.0,517,225.520102
-30.0,519,226.361569
-30.0,518,228.438567
-34.0,522,229.287574
-32.0,536,230.15681
-32.0,531,231.012004
-35.0,530,233.112473
-32.0,522,233.959022
-30.0,510,234.783313
-30.0,525,235.631347
-30.0,530,237.76356
-33.0,511,238.591614
-31.0,509,239.41801
-30.0,536,241.542962
-30.0,517,242.381552
-30.0,514,243.208273
-30.0,529,244.064587
-30.0,522,246.150127
-30.0,530,247.004542
-32.0,519,247.843127
-30.0,523,248.694312
-30.0,534,250.819151
-30.0,537,251.684806
-30.0,513,252.519736
-30.0,521,253.365789
-30.0,517,255.474729
-30.0,522,256.31842
-30.0,533,257.202052
-30.0,518,258.053576
-30.0,515,260.134245
-30.0,533,260.998587
-31.0,521,261.842941
-32.0,517,262.676711
-30.0,518,264.758721
-30.0,518,265.598324
-30.0,531,266.454354
-32.0,522,267.294389
-30.0,529,269.429835
-30.0,527,270.279917
-30.0,507,271.096117
-30.0,520,271.939288
-30.0,530,274.054265
-30.0,530,274.908962
-30.0,548,275.7985
-30.0,518,276.64019
-31.0,522,278.708925
-30.0,522,279.556329
-30.0,510,280.383502
-30.0,528,281.237258
-31.0,531,283.341735
-30.0,515,284.178325
-30.0,521,285.0195
-31.0,542,285.891142
-30.0,521,288.011707
-30.0,518,288.846449
-30.0,521,289.684786
-30.0,519,290.525737
-30.0,528,292.62658
-30.0,531,293.48242
-30.0,534,294.349648
-30.0,517,296.425255
-30.0,530,297.279454
-30.0,530,298.141694
-30.0,525,298.994393
-30.0,518,301.100146
-30.0,510,301.926393
-32.0,528,302.7827
-30.0,539,303.653516
-30.0,522,305.673175
-30.0,530,306.533077
-30.0,520,307.374416
-32.0,518,308.210263
-30.0,523,310.083353
-30.0,528,310.939264
-30.0,543,311.81409
-30.0,527,312.666728
-30.0,529,314.539479
-30.0,537,315.404219
-30.0,522,316.248236
-30.0,516,317.096633
-31.0,535,319.022857
-30.0,525,319.883023
-30.0,523,320.731968
-30.0,528,321.589342
-30.0,515,323.510506
-30.0,535,324.379753
-30.0,529,325.238078
-30.0,512,326.071894
-30.0,520,327.988422
-33.0,524,328.841419
-30.0,530,329.700953
-30.0,511,330.525859
-30.0,522,332.409186
-30.0,540,333.285947
-30.0,521,334.126988
-30.0,532,335.971569
-30.0,528,336.828256
-31.0,511,337.652833
-30.0,523,338.49641
-30.0,513,340.367685
-30.0,521,341.21208
-30.0,530,342.066762
-30.0,519,342.909085
-30.0,519,344.819094
-30.0,520,345.656917
-30.0,519,346.483044
-30.0,543,347.372608
-30.0,531,349.398164
-30.0,513,350.218254
-30.0,540,351.075627
-30.0,539,351.93269
-30.0,526,353.877997
-30.0,522,354.706855
-30.0,534,355.556351
-30.0,524,356.389038
-30.0,528,358.323108
-30.0,519,359.152713
-30.0,515,359.9734
-30.0,524,360.805206
-30.0,532,362.735566
-30.0,528,363.57422
-30.0,529,364.415073
-30.0,535,365.268002
-30.0,531,367.22953
-30.0,546,368.094991
-30.0,532,368.947465
-31.0,514,369.76625
-30.0,514,371.743024
-30.0,510,372.553501
-30.0,528,373.39499
-30.0,535,374.245199
-30.0,517,376.190697
-30.0,534,377.069499
-30.0,519,377.896495
-30.0,516,379.798697
-30.0,512,380.611787
-30.0,514,381.429431
-30.0,526,382.264208
-30.0,528,384.168671
-30.0,519,384.994795
-30.0,521,385.823382
-30.0,530,386.672504
-30.0,535,388.672306
-30.0,531,389.544844
-30.0,526,390.380104
-30.0,523,391.212507
-30.0,534,393.222314
-30.0,529,394.062875
-30.0,527,394.903232
-30.0,509,395.722309
-30.0,524,397.69286
-30.0,537,398.549081
-30.0,513,399.371573
-30.0,537,400.234175
-30.0,520,402.153393
-30.0,525,402.997411
-30.0,514,403.824037
-30.0,537,404.684642
-30.0,510,406.560959
-31.0,537,407.421719
-30.0,534,408.276531
-30.0,513,409.092247
-30.0,524,411.023633
-30.0,527,411.86839
-30.0,532,412.715471
-30.0,523,413.54861
-30.0,514,415.51939
-30.0,527,416.357594
-30.0,540,417.216299
-30.0,525,418.06054
-30.0,522,420.052308
-30.0,537,420.908464
-30.0,530,421.759299
-30.0,528,423.714197
-30.0,527,424.5553
-31.0,519,425.391124
-30.0,518,426.226074
-30.0,524,428.125464
-30.0,526,428.969891
-30.0,535,429.829868
-30.0,526,430.673535
-30.0,521,432.581142
-30.0,530,433.432998
-30.0,511,434.253361
-30.0,522,435.08387
-30.0,540,437.077515
-30.0,527,437.921522
-30.0,523,438.755448
-30.0,532,439.600942
-30.0,512,441.571846
-30.0,542,442.435326
-30.0,528,443.273124
-30.0,523,444.111742
-30.0,519,446.056039
-30.0,509,446.870098
-30.0,530,447.736147
-30.0,527,448.584096
-30.0,521,450.483894
-30.0,528,451.335646
-30.0,532,452.197154
-30.0,514,453.025127
-30.0,528,455.093677
-30.0,531,455.950687
-30.0,519,456.79141
-30.0,524,457.626729
-30.0,532,459.783236
-30.0,523,460.622391
-30.0,520,461.451804
-30.0,534,462.305619
-30.0,528,464.431198
-30.0,544,465.294396
-30.0,515,466.114635
-30.0,516,468.016993
-30.0,523,468.849865
-30.0,529,469.69418
-30.0,531,470.546684
-30.0,537,472.724089
-30.0,519,473.551564
-30.0,530,474.400545
-30.0,527,475.2444
-30.0,520,477.404337
-30.0,539,478.271126
-30.0,539,479.137506
-30.0,508,479.947246
-30.0,538,482.121683
-30.0,514,482.946593
-30.0,521,483.773566
-30.0,522,484.604895
-30.0,509,486.780658
-30.0,528,487.624631
-30.0,529,488.47081
-30.0,526,489.318442
-30.0,523,491.481479
-30.0,530,492.326276
-30.0,539,493.190487
-30.0,525,494.03209
-30.0,516,496.217484
-30.0,512,497.038996
-30.0,521,497.874105
-30.0,523,498.704591
-30.0,515,500.601998
-32.0,521,501.437612
-30.0,543,502.301198
-30.0,522,503.127451
-30.0,536,505.181154
-30.0,544,506.047688
-31.0,525,506.881815
-30.0,518,507.716383
-30.0,523,509.803054
-30.0,544,510.666811
-30.0,507,511.481085
-30.0,514,513.549177
-30.0,517,514.375021
-30.0,530,515.224195
-30.0,532,516.078063
-30.0,531,518.130196
-30.0,503,518.946079
-30.0,530,519.802318
-30.0,522,520.635079
-30.0,540,522.597528
-30.0,522,523.4383
-30.0,535,524.295835
-30.0,533,525.144219
-30.0,515,527.210784
-30.0,514,528.036141
-30.0,515,528.856715
-30.0,535,529.709346
-30.0,527,531.850549
-30.0,520,532.67804
-30.0,532,533.530363
-30.0,532,534.386388
-30.0,532,536.438663
-30.0,545,537.314211
-30.0,531,538.166196
-30.0,522,539.00659
-30.0,523,541.031184
-30.0,532,541.885974
-30.0,527,542.733792
-30.0,523,543.567098
-30.0,524,545.694354
-30.0,526,546.53816
-30.0,537,547.3928
-30.0,520,548.222694
-30.0,516,550.345987
-30.0,540,551.204359
-30.0,509,552.015602
-31.0,519,554.045567
-30.0,526,554.881516
-30.0,529,555.722455
-30.0,527,556.566057
-30.0,524,558.605366
-30.0,535,559.461427
-30.0,538,560.326742
-30.0,514,561.153043
-30.0,527,563.228645
-30.0,534,564.087255
-30.0,524,564.928462
-30.0,531,565.776154
-30.0,535,567.876248
-30.0,523,568.717264
-30.0,531,569.56731
-30.0,521,570.396142
-30.0,551,572.479083
-30.0,519,573.307037
-30.0,515,574.124804
-30.0,519,574.954245
-30.0,527,576.913968
-30.0,533,577.787159
-30.0,541,578.651142
-30.0,525,579.506903
-30.0,519,581.626365
-30.0,515,582.455629
-30.0,526,583.304513
-30.0,526,584.151645
-30.0,523,586.224187
-30.0,532,587.080192
-30.0,537,587.943788
-30.0,525,588.781944
-30.0,544,590.850502
-30.0,521,591.68656
-30.0,529,592.526122
-30.0,532,594.573492
-30.0,525,595.416165
-30.0,531,596.260129
-30.0,525,597.098641
-30.0,536,599.275623
-30.0,532,600.122058
-30.0,513,600.939698
-30.0,535,601.797895
-30.0,520,603.895701
-30.0,525,604.735253
-30.0,528,605.584076
-30.0,513,606.408639
-30.0,526,608.428369
-30.0,526,609.272428
-30.0,520,610.106637
-30.0,528,610.948778
-30.0,508,612.949072
-30.0,534,613.807539
-30.0,532,614.658105
-30.0,524,615.49036
-30.0,532,617.593422
-30.0,519,618.421511
-30.0,526,619.260426
-30.0,540,620.127687
-30.0,532,622.219195
-30.0,521,623.045485
-30.0,523,623.882366
-30.0,516,624.71016
-30.0,525,626.734442
-30.0,529,627.581124
-30.0,523,628.419189
-30.0,527,629.263955
-30.0,533,631.30115
-30.0,523,632.140945
-30.0,523,632.979092
-30.0,519,635.045822
-30.0,522,635.884295
-30.0,532,636.737374
-30.0,530,637.588668
-30.0,511,639.667709
-30.0,531,640.519865
-30.0,537,641.374199
-30.0,516,642.19769
-30.0,523,644.231858
-30.0,532,645.07861
-30.0,525,645.914516
-30.0,521,646.749629
-30.0,522,648.776864
-30.0,526,649.615188
-30.0,530,650.467025
-30.0,520,651.300721
-30.0,524,653.366504
-30.0,534,654.222243
-30.0,532,655.077129
-30.0,531,655.928296
-30.0,535,658.02545
-30.0,526,658.869816
-30.0,522,659.707556
-30.0,523,660.541493
-30.0,524,662.582348
-30.0,530,663.429558
-30.0,517,664.254314
-30.0,522,665.089678
-30.0,511,667.098079
-30.0,505,667.901689
-30.0,538,668.759663
-30.0,529,669.608125
-30.0,509,671.65892
-30.0,527,672.500584
-30.0,528,673.348727
-30.0,534,674.205984
-30.0,505,676.284124
-30.0,520,677.120126
-30.0,526,677.964442
-30.0,516,678.788292
-30.0,520,680.810132
-30.0,529,681.657
-30.0,529,682.49907
-30.0,532,684.545725
-30.0,521,685.384928
-30.0,513,686.207896
-30.0,520,687.039406
-30.0,531,689.139684
-30.0,532,689.992915
-30.0,525,690.829864
-30.0,513,691.654804
-30.0,518,693.730918
-30.0,533,694.57873
-30.0,528,695.423439
-30.0,538,696.284698
-30.0,516,698.30161
-30.0,517,699.130134
-30.0,514,699.960566
-30.0,519,700.795404
-30.0,522,702.847516
-30.0,528,703.695127
-30.0,526,704.538228
-30.0,527,705.378212
-30.0,505,707.431639
-30.0,539,708.297705
-30.0,535,709.160801
-30.0,519,709.986778
-30.0,528,712.077762
-30.0,509,712.885406
-30.0,525,713.721619
-30.0,513,714.544775
-30.0,512,716.55683
-30.0,526,717.393386
-30.0,526,718.236857
-30.0,529,719.084721
-30.0,509,721.071778
-30.0,513,721.89664
-30.0,543,722.768788
-30.0,522,723.605843
-30.0,539,725.69366
-30.0,531,726.544519
-30.0,523,727.380177
-30.0,531,728.224194
-30.0,536,730.334106
-30.0,526,731.172785
-30.0,523,732.003621
-30.0,527,734.047821
-30.0,513,734.872361
-30.0,530,735.716169
-30.0,528,736.557761
-30.0,520,738.57711
-30.0,520,739.404302
-30.0,528,740.24326
-30.0,521,741.077022
-30.0,523,743.125409
-30.0,511,743.942779
-30.0,526,744.791739
-30.0,528,745.641532
-30.0,542,747.753296
-30.0,519,748.578143
-30.0,523,749.408737
-30.0,515,750.225916
-30.0,517,752.242444
-30.0,523,753.074513
-30.0,531,753.918252
-30.0,533,754.763043
-30.0,520,756.760198
-30.0,518,757.595618
-30.0,525,758.432717
-30.0,521,759.269212
-30.0,538,761.368605
-30.0,511,762.185766
-30.0,523,763.024644
-30.0,529,763.878498
-30.0,535,765.965966
-30.0,526,766.801843
-30.0,515,767.630664
-30.0,529,768.473443
-30.0,516,770.508832
-30.0,530,771.355317
-30.0,535,772.206017
-30.0,530,773.050765
-30.0,527,775.038205
-30.0,510,775.847028
-30.0,527,776.683172
-30.0,532,778.7161
-30.0,525,779.549665
-31.0,527,780.383634
-30.0,512,781.192924
-30.0,514,783.252276
-30.0,527,784.089931
-30.0,514,784.907402
-30.0,529,785.745477
-30.0,510,787.818125
-30.0,534,788.668707
-30.0,528,789.504382
-30.0,519,790.328574
-30.0,529,792.343902
-30.0,533,793.188045
-30.0,534,794.034465
-30.0,520,794.85772
-30.0,523,796.856746
-30.0,518,797.677688
-30.0,540,798.53962
-30.0,529,799.377919
-30.0,537,801.486322
-30.0,511,802.295846
-30.0,542,803.151665
-30.0,547,804.01513
-30.0,518,806.079424
-30.0,533,806.92809
-30.0,525,807.761101
-30.0,540,808.618311
-30.0,526,810.64742
-30.0,517,811.469585
-30.0,526,812.307248
-30.0,529,813.148769
-30.0,538,815.170456
-30.0,518,815.993382
-30.0,513,816.816697
-30.0,535,818.888386
-30.0,526,819.736004
-30.0,524,820.58105
-30.0,520,821.429212
-30.0,523,823.512285
-30.0,521,824.354354
-30.0,519,825.196024
-30.0,539,826.055802
-30.0,528,828.107702
-30.0,512,828.931731
-30.0,518,829.758
-30.0,526,830.593854
-30.0,529,832.604523
-30.0,525,833.442398
-30.0,533,834.290353
-30.0,522,835.124946
-30.0,517,837.163197
-30.0,529,838.004611
-30.0,530,838.846686
-30.0,527,839.681052
-30.0,522,841.729092
-30.0,532,842.572517
-30.0,530,843.41213
-30.0,533,844.257557
-30.0,525,846.297504
-30.0,504,847.097215
-30.0,527,847.934515
-30.0,537,848.788683
-30.0,535,850.796211
-30.0,516,851.614132
-30.0,514,852.426901
-30.0,529,853.265557
-30.0,514,855.255367
-30.0,541,856.109987
-30.0,514,856.922449
-30.0,519,857.748778
-30.0,525,859.815674
-30.0,510,860.622847
-30.0,519,861.445487
-30.0,528,862.282886
-30.0,529,864.360831
-30.0,531,865.203325
-30.0,510,866.013199
-30.0,517,868.038075
-30.0,528,868.878153
-30.0,519,869.701554
-30.0,507,870.506413
-30.0,529,872.503935
-30.0,535,873.353372
-30.0,528,874.192729
-30.0,519,875.014261
-30.0,512,877.051437
-30.0,522,877.885932
-30.0,521,878.720083
-30.0,527,879.560032
-30.0,531,881.709098
-30.0,532,882.558931
-30.0,539,883.413762
-30.0,513,884.235273
-30.0,520,885.994301
-30.0,527,886.83051
-30.0,528,887.673103
-30.0,534,888.525173
-30.0,527,890.299596
-30.0,526,891.14429
-30.0,515,891.969691
-30.0,528,892.826464
-30.0,518,894.598405
-30.0,526,895.439372
-30.0,533,896.292933
-30.0,526,897.137721
-30.0,535,898.924978
-30.0,526,899.767011
-30.0,524,900.605669
-30.0,517,901.430363
-30.0,531,903.21014
-30.0,517,904.038684
-30.0,532,904.887776
-30.0,519,905.712066
-30.0,531,907.499965
-30.0,526,908.351028
-30.0,532,909.201911
-30.0,532,910.986826
-30.0,546,911.862046
-30.0,525,912.700174
-30.0,524,913.535331
-30.0,524,915.309722
-30.0,520,916.141727
-30.0,511,916.959223
-30.0,528,917.80273
-30.0,524,919.579728
-30.0,530,920.42249
-30.0,533,921.271405
-30.0,518,922.099992
-30.0,538,923.889964
-30.0,521,924.717485
-30.0,532,925.564149
-30.0,522,926.39318
-30.0,526,928.391989
-30.0,529,929.242561
-30.0,527,930.091213
-30.0,514,930.915432
-32.0,515,932.910014
-30.0,521,933.745623
-30.0,531,934.597335
-30.0,531,935.441021
-30.0,524,937.459294
-30.0,525,938.302252
-30.0,524,939.140395
-30.0,517,939.964171
-30.0,540,942.016863
-30.0,532,942.86729
-30.0,528,943.709476
-30.0,522,944.548179
-30.0,536,946.593537
-30.0,532,947.44221
-30.0,515,948.267401
-30.0,538,950.313632
-30.0,528,951.153954
-30.0,530,952.002017
-30.0,528,952.850032
-30.0,522,954.862176
-30.0,534,955.722259
-30.0,521,956.570859
-30.0,522,957.421678
-30.0,516,959.420814
-30.0,505,960.234028
-30.0,536,961.096592
-30.0,531,961.946631
-30.0,544,963.999562
-30.0,512,964.825626
-30.0,524,965.662767
-30.0,527,966.499742
-30.0,534,968.55569
-30.0,527,969.400957
-30.0,535,970.251336
-31.0,527,971.095313
-30.0,528,973.131698
-30.0,527,973.967064
-30.0,537,974.82618
-30.0,526,975.670328
-30.0,538,977.710767
-30.0,534,978.567493
-30.0,529,979.419581
-30.0,545,980.294839
-30.0,531,982.325375
-30.0,522,983.163919
-30.0,532,984.017941
-30.0,526,986.037169
-30.0,519,986.873917
-30.0,533,987.730917
-30.0,517,988.557515
-30.0,526,990.595991
-30.0,521,991.435416
-30.0,512,992.254328
-30.0,514,993.072615
-30.0,512,995.092227
-30.0,535,995.948305
-30.0,522,996.782291
-30.0,525,997.628255
-30.0,514,999.645396
-30.0,530,1000.490385
-30.0,530,1001.339173
-30.0,521,1002.174041
-30.0,526,1004.195123
-30.0,537,1005.057258
-30.0,535,1005.917444
-30.0,531,1006.771002
-31.0,528,1008.801546
-30.0,522,1009.64238
-30.0,547,1010.519928
-30.0,530,1011.365897
-30.0,524,1013.396139
-30.0,533,1014.251225
-30.0,516,1015.074213
-30.0,510,1015.888574
-30.0,529,1017.942257
-30.0,504,1018.744964
-30.0,532,1019.597529
-30.0,523,1020.440027
-30.0,523,1022.467605
-30.0,522,1023.308272
-30.0,520,1024.15092
-30.0,526,1025.005754
-30.0,524,1027.026941
-30.0,532,1027.882806
-30.0,526,1028.730354
-30.0,526,1029.573821
-30.0,520,1031.588599
-30.0,532,1032.44119
-30.0,524,1033.279732
-30.0,522,1035.293869
-30.0,544,1036.170317
-30.0,532,1037.025634
-30.0,514,1037.844008
-30.0,529,1039.887009
-30.0,530,1040.73502
-30.0,529,1041.573599
-30.0,535,1042.427465
-30.0,526,1044.462687
-30.0,529,1045.301764
-30.0,536,1046.155348
-30.0,530,1047.005799
-30.0,525,1049.029441
-30.0,521,1049.859853
-30.0,530,1050.71213
-30.0,530,1051.565614
-31.0,533,1053.594751
-30.0,531,1054.446102
-30.0,515,1055.270417
-30.0,526,1056.108945
-30.0,527,1058.133905
-30.0,524,1058.973134
-30.0,549,1059.849262
-30.0,521,1060.676769
-30.0,518,1062.693084
-30.0,528,1063.537118
-30.0,526,1064.375719
-30.0,526,1065.217395
-30.0,519,1067.243106
-30.0,527,1068.08348
-30.0,533,1068.936296
-30.0,529,1070.971901
-30.0,533,1071.821413
-30.0,519,1072.651113
-30.0,524,1073.493703
-30.0,521,1075.507932
-30.0,533,1076.35716
-30.0,518,1077.194355
-30.0,501,1078.00485
-30.0,542,1080.050801
-30.0,527,1080.898555
-30.0,537,1081.761997
-30.0,519,1082.589105
-30.0,533,1084.632089
-30.0,523,1085.47258
-30.0,529,1086.318225
-30.0,534,1087.183184
-30.0,522,1089.213741
-30.0,527,1090.056791
-30.0,519,1090.882419
-30.0,534,1091.735203
-30.0,529,1093.771767
-30.0,534,1094.620329
-30.0,521,1095.453189
-30.0,522,1096.292225
-30.0,526,1098.321149
-30.0,513,1099.141053
-30.0,522,1099.977648
-30.0,532,1100.828624
-30.0,534,1102.859181
-30.0,526,1103.705894
-30.0,536,1104.567364
-30.0,529,1105.410149
-30.0,527,1107.529235
-30.0,545,1108.405019
-30.0,520,1109.232727
-30.0,522,1111.37385
-30.0,534,1112.232564
-30.0,524,1113.067648
-30.0,524,1113.904755
-30.0,527,1116.059265
-30.0,516,1116.882993
-30.0,526,1117.724258
-30.0,526,1118.571307
-30.0,537,1120.717988
-30.0,519,1121.545634
-30.0,522,1122.384142
-30.0,528,1123.230773
-30.0,513,1125.335916
-30.0,516,1126.162863
-30.0,521,1127.001731
-30.0,534,1127.853878
-30.0,525,1130.000721
-30.0,517,1130.832131
-30.0,524,1131.67
-30.0,520,1132.499581
-30.0,517,1134.641015
-30.0,530,1135.487249
-30.0,512,1136.303388
-30.0,516,1137.134896
-30.0,525,1139.271906
-30.0,531,1140.115504
-30.0,522,1140.953121
-30.0,525,1141.817498
-30.0,534,1143.958765
-30.0,533,1144.824248
-30.0,522,1145.670604
-30.0,522,1146.51213
-30.0,528,1148.639539
-30.0,514,1149.466593
-30.0,515,1150.291204
-30.0,512,1151.107135
-30.0,523,1153.247224
-30.0,525,1154.086608
-30.0,528,1154.924231
-30.0,524,1155.760783
-30.0,525,1157.887955
-30.0,513,1158.704206
-30.0,510,1159.519894
-30.0,509,1160.335427
-30.0,528,1162.471934
-30.0,534,1163.324683
-30.0,534,1164.181016
-30.0,546,1166.341934
-30.0,529,1167.188175
-30.0,533,1168.04264
-30.0,516,1168.869815
-30.0,518,1170.982621
-30.0,512,1171.804338
-30.0,531,1172.654493
-30.0,538,1173.508286
-30.0,527,1175.650648
-30.0,526,1176.491227
-30.0,520,1177.321129
-30.0,516,1178.145829
-30.0,526,1180.285242
-30.0,538,1181.142429
-30.0,521,1181.97827
-30.0,536,1182.839186
-30.0,524,1184.96082
-30.0,524,1185.797258
-30.0,525,1186.638028
-30.0,516,1187.466681
-30.0,524,1189.572313
-30.0,515,1190.401572
-30.0,517,1191.234461
-30.0,532,1192.083438
-30.0,520,1194.213132
-30.0,520,1195.047242
-30.0,525,1195.882777
-30.0,542,1196.744826
-30.0,524,1198.893948
-30.0,521,1199.722532
-30.0,534,1200.572326
-30.0,533,1201.426651
-30.0,527,1203.577246
-30.0,540,1204.439204
-30.0,524,1205.281146
-30.0,512,1207.387823
-30.0,526,1208.23211
-30.0,524,1209.075925
-30.0,530,1209.927219
-30.0,532,1212.059078
-30.0,517,1212.915385
-30.0,525,1213.758493
-30.0,522,1214.591997
-30.0,515,1216.718214
-30.0,524,1217.564519
-30.0,522,1218.398221
-30.0,522,1219.229782
-30.0,536,1221.398862
-30.0,517,1222.225438
-30.0,514,1223.046327
-30.0,541,1223.914663
-30.0,529,1226.058398
-30.0,523,1226.894753
-30.0,524,1227.73765
-30.0,535,1228.598645
-30.0,517,1230.681583
-30.0,512,1231.504541
-30.0,518,1232.337539
-30.0,523,1233.172985
-30.0,536,1235.286328
-30.0,533,1236.143123
-30.0,534,1236.996964
-30.0,524,1237.833637
-30.0,524,1239.933396
-30.0,533,1240.785098
-30.0,529,1241.624777
-30.0,533,1242.475455
-30.0,529,1244.582215
-30.0,509,1245.392954
-30.0,525,1246.234029
-30.0,520,1247.070699
-30.0,530,1249.152965
-30.0,527,1249.995409
-30.0,542,1250.86623
-30.0,531,1252.97051
-30.0,531,1253.821985
-30.0,530,1254.673661
-30.0,520,1255.509845
-30.0,525,1257.589944
-30.0,534,1258.450145
-30.0,533,1259.308956
-30.0,532,1260.159783
-30.0,534,1262.270186
-30.0,537,1263.132982
-30.0,515,1263.954009
-30.0,529,1264.79902
-30.0,532,1266.916916
-30.0,533,1267.770019
-30.0,531,1268.615868
-30.0,522,1269.453516
-30.0,514,1271.60815
-30.0,534,1272.460397
-30.0,535,1273.318868
-30.0,528,1274.168251
-30.0,528,1276.294793
-30.0,522,1277.136067
-30.0,522,1277.977591
-30.0,520,1278.807932
-30.0,510,1280.916774
-30.0,523,1281.758637
-30.0,528,1282.602572
-30.0,533,1283.453423
-30.0,520,1285.596698
-31.0,518,1286.427521
-30.0,526,1287.268234
-30.0,527,1288.115291
-30.0,522,1290.243796
-30.0,532,1291.090639
-30.0,531,1291.941701
-30.0,520,1294.073161
-30.0,514,1294.891666
-30.0,545,1295.767144
-30.0,522,1296.607264
-30.0,527,1298.716778
-30.0,518,1299.547599
-30.0,535,1300.406515
-30.0,508,1301.220592
-30.0,526,1303.360627
-30.0,516,1304.190064
-30.0,506,1305.001307
-30.0,515,1305.819875
-30.0,528,1307.930084
-30.0,533,1308.782661
-30.0,536,1309.636206
-30.0,517,1310.462701
-30.0,525,1312.617776
-30.0,546,1313.487175
-30.0,526,1314.329669
-30.0,520,1315.165828
-30.0,533,1317.308652
-30.0,536,1318.167737
-30.0,525,1319.010939
-30.0,528,1319.860161
-30.0,531,1321.865494
-30.0,524,1322.708774
-30.0,519,1323.544254
-30.0,521,1324.376278
-30.0,530,1326.397897
-30.0,527,1327.244963
-30.0,526,1328.079967
-30.0,516,1328.901351
-30.0,543,1330.940027
-30.0,531,1331.788189
-30.0,536,1332.640216
-30.0,518,1334.641872
-30.0,519,1335.473184
-30.0,534,1336.326515
-30.0,533,1337.186258
-30.0,529,1339.213151
-30.0,529,1340.060406
-30.0,526,1340.904228
-30.0,525,1341.750776
-30.0,545,1343.789477
-30.0,529,1344.637348
-30.0,511,1345.469888
-30.0,524,1346.312084
-30.0,512,1348.282218
-30.0,519,1349.116218
-30.0,529,1349.965255
-30.0,540,1350.824587
-30.0,529,1352.839542
-30.0,523,1353.679523
-30.0,522,1354.513186
-30.0,529,1355.354175
-30.0,542,1357.398416
-30.0,537,1358.254422
-30.0,531,1359.098861
-30.0,541,1359.965823
-30.0,529,1361.990653
-30.0,534,1362.840435
-30.0,547,1363.718612
-30.0,528,1364.56794
-30.0,530,1366.575385
-30.0,514,1367.402015
-30.0,510,1368.220165
-30.0,514,1369.043715
-30.0,530,1371.050912
-30.0,523,1371.894777
-30.0,509,1372.714318
-30.0,513,1374.693825
-30.0,527,1375.543584
-30.0,522,1376.383764
-30.0,525,1377.221784
-30.0,526,1379.234222
-30.0,529,1380.085214
-30.0,523,1380.91785
-30.0,520,1381.743208
-30.0,521,1383.757237
-30.0,524,1384.596849
-30.0,507,1385.407453
-30.0,517,1386.239058
-30.0,525,1388.251691
-30.0,521,1389.083071
-30.0,542,1389.952874
-30.0,528,1390.802562
-30.0,512,1392.771583
-30.0,500,1393.570706
-30.0,514,1394.395559
-30.0,541,1395.26314
-30.0,511,1397.243902
-30.0,518,1398.082633
-30.0,513,1398.910062
-30.0,520,1399.744406
-30.0,535,1401.775247
-30.0,517,1402.609862
-30.0,530,1403.457872
-30.0,527,1404.297661
-30.0,523,1406.317612
-30.0,527,1407.175057
-30.0,534,1408.027052
-30.0,521,1408.862943
-30.0,511,1410.846336
-30.0,517,1411.669708
-30.0,521,1412.503562
-30.0,529,1413.352618
-30.0,540,1415.382771
-30.0,533,1416.237192
-31.0,515,1417.067652
-30.0,536,1417.931708
-30.0,514,1419.90574
-30.0,520,1420.741281
-30.0,532,1421.59831
-30.0,543,1422.464754
-30.0,526,1424.460897
-30.0,527,1425.306187
-30.0,509,1426.120221
-30.0,546,1428.150691
-30.0,531,1429.006143
-30.0,528,1429.849533
-30.0,533,1430.696675
-30.0,530,1432.715749
-30.0,521,1433.550491
-30.0,516,1434.372737
-30.0,523,1435.2119
-30.0,537,1437.232498
-30.0,529,1438.074524
-30.0,510,1438.890432
-30.0,527,1439.73822
-30.0,525,1441.737482
-30.0,537,1442.59476
-30.0,528,1443.443067
-30.0,534,1444.302132
-30.0,523,1446.298255
-30.0,524,1447.142425
-30.0,528,1447.992186
-30.0,535,1448.849734
-30.0,520,1450.832749
-30.0,518,1451.665221
-30.0,538,1452.52586
-30.0,531,1453.369128
-30.0,520,1455.386787
-30.0,523,1456.224245
-30.0,530,1457.084388
-30.0,527,1457.938073
-30.0,528,1459.91415
-30.0,523,1460.746028
-30.0,533,1461.595331
-30.0,541,1463.568581
-30.0,523,1464.402534
-30.0,530,1465.24718
-30.0,520,1466.082006
-30.0,539,1468.038224
-30.0,528,1468.878121
-30.0,519,1469.710233
-30.0,521,1470.543731
-30.0,511,1472.450159
-30.0,517,1473.277252
-30.0,523,1474.114825
-30.0,510,1474.928802
-30.0,527,1476.902357
-30.0,515,1477.72873
-30.0,533,1478.582696
-30.0,526,1479.419065
-30.0,519,1481.335753
-30.0,527,1482.179988
-30.0,518,1483.004605
-30.0,544,1483.869671
-30.0,526,1485.824904
-30.0,533,1486.676257
-30.0,521,1487.504859
-30.0,535,1488.360835
-30.0,538,1490.33814
-30.0,531,1491.180559
-30.0,522,1492.014321
-30.0,516,1492.843155
-30.0,529,1494.789473
-30.0,524,1495.624588
-30.0,530,1496.477858
-30.0,528,1497.327088
-30.0,531,1499.278948
-30.0,530,1500.130279
-30.0,514,1500.956603
-30.0,521,1501.792495
-30.0,531,1503.729963
-30.0,527,1504.573995
-30.0,527,1505.415597
-30.0,540,1507.368786
-30.0,518,1508.201457
-30.0,521,1509.038893
-30.0,541,1509.90205
-30.0,530,1511.859694
-30.0,530,1512.712867
-30.0,521,1513.541833
-30.0,518,1514.365321
-30.0,514,1516.289295
-30.0,526,1517.133452
-30.0,522,1517.965003
-30.0,543,1518.833246
-30.0,527,1520.802139
-30.0,532,1521.665403
-30.0,541,1522.535545
-30.0,509,1523.357193
-30.0,529,1525.300522
-30.0,524,1526.140417
-31.0,519,1526.977156
-30.0,522,1527.82536
-30.0,529,1529.785252
-30.0,526,1530.633131
-30.0,515,1531.461706
-30.0,523,1532.298739
-30.0,536,1534.268878
-30.0,516,1535.099869
-30.0,518,1535.927753
-30.0,524,1536.761952
-30.0,535,1538.725582
-30.0,521,1539.562149
-30.0,519,1540.391954
-30.0,508,1541.204656
-30.0,529,1543.171467
-30.0,514,1543.991134
-30.0,507,1544.802065
-30.0,508,1545.618232
-30.0,533,1547.575767
-30.0,518,1548.401666
-30.0,532,1549.255546
-30.0,523,1550.09793
-30.0,522,1552.028968
-30.0,533,1552.885299
-30.0,529,1553.73643
-30.0,531,1555.687737
-30.0,518,1556.51745
-30.0,527,1557.362815
-30.0,530,1558.212196
-30.0,527,1560.141649
-30.0,524,1560.985135
-30.0,524,1561.828569
-30.0,529,1562.672228
-30.0,527,1564.614329
-30.0,533,1565.469408
-30.0,536,1566.322513
-30.0,528,1567.158406
-30.0,507,1569.066718
-30.0,525,1569.897773
-30.0,522,1570.721336
-30.0,516,1571.535942
-30.0,528,1573.456982
-30.0,512,1574.276972
-30.0,530,1575.125696
-30.0,521,1575.958148
-30.0,519,1577.887247
-30.0,509,1578.705521
-30.0,533,1579.559809
-30.0,523,1580.393004
-30.0,507,1582.315027
-30.0,525,1583.154163
-30.0,510,1583.962968
-30.0,514,1584.779888
-30.0,529,1586.731027
-30.0,539,1587.609418
-30.0,518,1588.433271
-30.0,528,1589.292572
-30.0,522,1591.243119
-30.0,541,1592.100562
-31.0,541,1592.966544
-30.0,521,1593.805774
-30.0,526,1595.741099
-30.0,517,1596.570447
-30.0,539,1597.4365
-30.0,523,1599.368322
-30.0,543,1600.238521
-30.0,526,1601.083659
-30.0,519,1601.914976
-30.0,514,1603.835734
-30.0,518,1604.668849
-30.0,535,1605.527362
-30.0,521,1606.358281
-30.0,527,1608.307513
-30.0,539,1609.17571
-30.0,521,1610.00782
-30.0,528,1610.849767
-30.0,517,1612.79739
-30.0,532,1613.645305
-30.0,533,1614.49257
-30.0,537,1615.355666
-30.0,531,1617.311485
-30.0,544,1618.175706
-30.0,524,1619.015572
-30.0,511,1619.834929
-30.0,532,1621.777371
-30.0,538,1622.642422
-30.0,515,1623.470172
-30.0,535,1624.328461
-30.0,521,1626.189721
-30.0,521,1627.03002
-30.0,528,1627.879594
-30.0,527,1628.721776
-30.0,533,1630.681186
-30.0,521,1631.520795
-30.0,536,1632.376745
-30.0,533,1634.332564
-30.0,512,1635.157913
-30.0,525,1635.995974
-30.0,537,1636.85318
-30.0,533,1638.830359
-30.0,511,1639.646044
-30.0,526,1640.484291
-30.0,532,1641.33893
-30.0,514,1643.262372
-30.0,518,1644.088695
-30.0,529,1644.936103
-30.0,536,1645.797574
-30.0,538,1647.776183
-30.0,524,1648.616291
-30.0,525,1649.465803
-30.0,527,1650.316396
-30.0,533,1652.263428
-30.0,523,1653.106931
-30.0,519,1653.943845
-30.0,520,1654.774331
-30.0,530,1656.726771
-30.0,511,1657.548622
-30.0,510,1658.363279
-30.0,521,1659.193439
-30.0,538,1661.173197
-30.0,516,1662.001948
-30.0,538,1662.860296
-30.0,525,1663.705263
-30.0,537,1665.6687
-30.0,528,1666.510794
-30.0,531,1667.36427
-30.0,528,1668.215037
-30.0,523,1670.16292
-30.0,523,1670.998595
-30.0,510,1671.817651
-30.0,517,1672.649798
-30.0,538,1674.606701
-30.0,534,1675.46517
-30.0,518,1676.298753
-30.0,519,1677.132526
-30.0,519,1679.056349
-30.0,532,1679.912328
-30.0,526,1680.756432
-30.0,532,1682.707217
-30.0,531,1683.562512
-30.0,544,1684.438146
-30.0,528,1685.280806
-30.0,526,1687.229206
-30.0,529,1688.076838
-30.0,519,1688.903752
-30.0,518,1689.729921
-30.0,532,1691.699797
-30.0,519,1692.526106
-30.0,513,1693.344356
-30.0,528,1694.193073
-30.0,515,1696.127429
-30.0,526,1696.965392
-30.0,518,1697.799466
-30.0,548,1698.680777
-30.0,526,1700.629307
-30.0,515,1701.456489
-30.0,537,1702.320256
-30.0,531,1703.173502
-30.0,528,1705.110488
-30.0,528,1705.958396
-30.0,520,1706.795117
-30.0,520,1707.634389
-30.0,522,1709.580648
-30.0,512,1710.40452
-30.0,531,1711.25287
-30.0,532,1712.101063
-30.0,516,1714.03358
-30.0,513,1714.858943
-30.0,530,1715.706041
-30.0,507,1716.519982
-30.0,514,1718.461584
-30.0,530,1719.315288
-30.0,509,1720.132427
-30.0,538,1720.998029
-30.0,544,1722.965768
-30.0,524,1723.803687
-30.0,530,1724.658101
-30.0,508,1726.573602
-30.0,525,1727.413206
-30.0,526,1728.259308
-30.0,509,1729.078796
-30.0,524,1731.028481
-30.0,534,1731.889678
-30.0,521,1732.729924
-30.0,510,1733.549805
-30.0,520,1735.471626
-30.0,544,1736.34631
-30.0,538,1737.213311
-30.0,526,1738.052929
-30.0,511,1739.974902
-30.0,541,1740.843116
-30.0,524,1741.679912
-30.0,520,1742.507083
-30.0,533,1744.469466
-30.0,519,1745.30424
-30.0,531,1746.151852
-30.0,517,1746.977718
-30.0,535,1748.950016
-30.0,518,1749.77511
-30.0,521,1750.607449
-30.0,528,1751.457386
-30.0,527,1753.396556
-30.0,524,1754.233475
-30.0,524,1755.078205
-30.0,526,1755.923203
-30.0,534,1757.866332
-30.0,517,1758.695415
-30.0,523,1759.535233
-30.0,528,1760.380034
-30.0,532,1762.334565
-30.0,514,1763.163273
-30.0,519,1763.998757
-30.0,515,1764.817922
-30.0,521,1766.750545
-30.0,523,1767.604654
-30.0,519,1768.433592
-30.0,529,1770.39801
-30.0,528,1771.24915
-30.0,528,1772.094663
-30.0,528,1772.936953
-30.0,521,1774.894557
-30.0,520,1775.726716
-30.0,520,1776.556247
-30.0,519,1777.402079
-30.0,523,1779.342297
-30.0,531,1780.186775
-30.0,532,1781.039155
-30.0,530,1781.890941
-30.0,527,1783.834791
-30.0,528,1784.680711
-30.0,537,1785.545415
-30.0,531,1786.401138
-30.0,548,1788.366909
-30.0,521,1789.206829
-30.0,517,1790.038507
-30.0,510,1790.851726
-30.0,512,1792.760058
-30.0,528,1793.608803
-30.0,515,1794.434041
-30.0,533,1795.28118
-30.0,524,1797.236089
-30.0,533,1798.090549
-30.0,527,1798.929113
-30.0,514,1799.754308
-30.0,528,1801.723355
-30.0,526,1802.559204
-30.0,520,1803.387825
-30.0,533,1804.240912
-30.0,534,1806.198719
-30.0,522,1807.03669
-30.0,534,1807.89708
-30.0,536,1808.760226
-30.0,536,1810.698959
-30.0,512,1811.523199
-30.0,529,1812.374249
-30.0,528,1814.310713
-30.0,534,1815.17004
-30.0,529,1816.019993
-30.0,524,1816.857254
-30.0,546,1818.834495
-30.0,530,1819.688085
-30.0,529,1820.534991
-30.0,519,1821.361766
-30.0,522,1823.302647
-30.0,521,1824.139053
-30.0,519,1824.967604
-30.0,532,1825.818786
-30.0,528,1827.777911
-30.0,514,1828.60033
-30.0,519,1829.429333
-30.0,519,1830.258578
-30.0,524,1832.287026
-30.0,517,1833.113872
-30.0,535,1833.969975
-30.0,532,1834.826088
-30.0,521,1836.844792
-30.0,524,1837.694397
-30.0,538,1838.558674
-30.0,520,1839.395452
-30.0,530,1841.460549
-30.0,529,1842.308824
-30.0,533,1843.16865
-30.0,532,1844.025841
-30.0,515,1846.022591
-30.0,543,1846.903871
-30.0,537,1847.76806
-30.0,529,1849.812257
-30.0,524,1850.654336
-30.0,534,1851.525537
-30.0,523,1852.368547
-30.0,530,1854.383176
-30.0,506,1855.200026
-30.0,519,1856.037315
-30.0,512,1856.861914
-30.0,525,1858.903418
-33.0,510,1859.726014
-30.0,512,1860.551552
-30.0,522,1861.385046
-30.0,528,1863.409398
-30.0,528,1864.258502
-30.0,514,1865.081817
-30.0,518,1865.908671
-30.0,532,1867.970895
-30.0,531,1868.826072
-30.0,550,1869.705016
-30.0,525,1870.544208
-30.0,537,1872.584376
-30.0,531,1873.434415
-30.0,534,1874.286892
-30.0,512,1875.111151
-30.0,521,1877.152497
-30.0,524,1877.990517
-30.0,517,1878.818201
-30.0,521,1879.657088
-30.0,524,1881.69072
-30.0,522,1882.522608
-30.0,522,1883.361343
-30.0,534,1884.219043
-30.0,536,1886.29213
-30.0,498,1887.100693
-30.0,523,1887.943732
-30.0,538,1888.809308
-30.0,536,1890.837067
-30.0,518,1891.671387
-30.0,536,1892.53494
-30.0,526,1893.380342
-30.0,533,1895.433142
-30.0,525,1896.277998
-30.0,513,1897.122125
-30.0,526,1899.198545
-30.0,538,1900.065231
-30.0,512,1900.887655
-30.0,528,1901.733869
-30.0,532,1903.789274
-30.0,532,1904.647453
-30.0,536,1905.512851
-30.0,513,1906.333597
-30.0,520,1908.408916
-30.0,516,1909.24817
-30.0,518,1910.076364
-30.0,526,1910.915496
-30.0,506,1912.94494
-30.0,519,1913.777615
-30.0,518,1914.604297
-30.0,530,1915.453059
-30.0,515,1917.518229
-30.0,530,1918.369935
-30.0,534,1919.223506
-30.0,519,1920.054988
-30.0,525,1922.188164
-30.0,526,1923.027498
-30.0,534,1923.879783
-30.0,534,1924.741073
-30.0,519,1926.753206
-30.0,539,1927.620539
-30.0,509,1928.443099
-30.0,534,1929.303798
-30.0,526,1931.363197
-30.0,536,1932.223418
-30.0,523,1933.066583
-30.0,523,1933.909253
-30.0,525,1935.91227
-30.0,528,1936.763028
-30.0,507,1937.580885
-30.0,528,1938.428435
-30.0,521,1940.461793
-30.0,520,1941.298989
-30.0,516,1942.129391
-30.0,523,1942.965129
-30.0,537,1944.998111
-30.0,518,1945.832461
-30.0,536,1946.691057
-30.0,542,1948.763621
-30.0,522,1949.604565
-30.0,508,1950.418471
-30.0,536,1951.271757
-30.0,517,1953.273022
-30.0,535,1954.134135
-30.0,530,1954.981361
-30.0,546,1955.85308
-30.0,534,1957.917171
-30.0,529,1958.765557
-30.0,518,1959.594345
-30.0,528,1960.452656
-30.0,542,1962.503864
-30.0,537,1963.360039
-30.0,538,1964.226229
-30.0,530,1965.078726
-30.0,513,1967.129895
-30.0,522,1967.96801
-30.0,530,1968.821134
-30.0,540,1969.688991
-30.0,532,1971.710896
-30.0,544,1972.58442
-30.0,531,1973.435552
-30.0,536,1974.292321
-30.0,524,1976.333276
-30.0,529,1977.181724
-30.0,511,1978.000695
-30.0,524,1980.003573
-30.0,529,1980.853321
-30.0,531,1981.70644
-30.0,522,1982.540215
-30.0,538,1984.576531
-30.0,534,1985.433583
-30.0,529,1986.279137
-30.0,529,1987.123429
-30.0,533,1989.101176
-30.0,513,1989.925009
-30.0,518,1990.755029
-30.0,521,1991.590452
-30.0,518,1993.593427
-30.0,535,1994.447299
-30.0,525,1995.285927
-30.0,538,1996.151454
-30.0,522,1998.064986
-30.0,533,1998.917109
-30.0,536,1999.779195
-30.0,541,2000.650026
-30.0,540,2002.676653
-30.0,534,2003.53465
-30.0,505,2004.348984
-30.0,528,2005.200279
-30.0,524,2007.196221
-30.0,529,2008.04684
-30.0,522,2008.88698
-30.0,509,2009.700918
-30.0,531,2011.712454
-30.0,525,2012.55746
-30.0,530,2013.408247
-30.0,522,2014.241555
-30.0,526,2016.257057
-30.0,525,2017.108215
-30.0,539,2017.970129
-30.0,529,2020.00064
-30.0,513,2020.827135
-30.0,535,2021.707247
-30.0,537,2022.56569
-30.0,510,2024.564805
-30.0,532,2025.41706
-32.0,542,2026.27843
-30.0,534,2027.135141
-30.0,532,2029.160361
-30.0,532,2030.006418
-30.0,539,2030.868571
-30.0,527,2031.714172
-30.0,521,2033.71373
-30.0,537,2034.568769
-30.0,540,2035.43644
-30.0,512,2036.259626
-30.0,530,2038.304859
-30.0,523,2039.14536
-30.0,533,2040.00451
-30.0,540,2040.870249
-30.0,532,2042.930657
-30.0,521,2043.768795
-30.0,527,2044.613725
-30.0,518,2045.438394
-30.0,522,2047.491431
-30.0,517,2048.321954
-30.0,525,2049.158281
-30.0,539,2050.014651
-30.0,529,2052.079853
-30.0,524,2052.91636
-30.0,537,2053.770411
-30.0,547,2055.85692
-30.0,523,2056.693455
-30.0,515,2057.513356
-30.0,531,2058.362359
-30.0,527,2060.418228
-30.0,535,2061.269928
-30.0,515,2062.088168
-30.0,508,2062.902436
-30.0,522,2064.932863
-30.0,523,2065.766187
-30.0,526,2066.607845
-30.0,523,2067.448035
-30.0,539,2069.524576
-30.0,516,2070.350856
-30.0,519,2071.186436
-30.0,545,2072.059282
-30.0,508,2074.077661
-30.0,512,2074.903192
-30.0,529,2075.754569
-30.0,525,2076.595646
-30.0,529,2078.664796
-30.0,531,2079.519295
-30.0,519,2080.352832
-30.0,522,2081.190453
-30.0,533,2083.274011
-30.0,524,2084.114822
-30.0,510,2084.938716
-30.0,532,2085.78516
-30.0,527,2087.860803
-30.0,524,2088.695971
-30.0,529,2089.536671
-30.0,519,2090.369462
-30.0,513,2092.488743
-30.0,529,2093.331964
-30.0,537,2094.192293
-30.0,537,2096.343918
-30.0,523,2097.180537
-30.0,514,2098.005159
-30.0,519,2098.840176
-30.0,509,2100.934842
-30.0,532,2101.786167
-30.0,524,2102.626702
-30.0,534,2103.484315
-30.0,515,2105.576682
-30.0,530,2106.430247
-30.0,526,2107.277961
-30.0,532,2108.12766
-30.0,522,2110.17429
-30.0,531,2111.028718
-30.0,527,2111.873805
-30.0,526,2112.711387
-30.0,524,2114.836833
-30.0,516,2115.665342
-30.0,529,2116.508416
-30.0,548,2117.387209
-30.0,515,2119.512714
-30.0,545,2120.3836
-30.0,540,2121.244775
-30.0,522,2122.084479
-30.0,524,2124.217735
-30.0,534,2125.068612
-30.0,524,2125.90751
-30.0,538,2126.77178
-30.0,513,2128.871554
-30.0,541,2129.735669
-30.0,520,2130.570554
-30.0,523,2131.410969
-30.0,521,2133.528954
-30.0,529,2134.377327
-30.0,523,2135.217093
-30.0,521,2136.049379
-30.0,523,2138.164408
-30.0,532,2139.030178
-30.0,521,2139.897302
-30.0,530,2142.02973
-30.0,520,2142.867186
-30.0,546,2143.745477
-30.0,540,2144.60752
-30.0,526,2146.740759
-30.0,534,2147.600565
-30.0,523,2148.434445
-30.0,539,2149.293877
-30.0,524,2151.433283
-30.0,516,2152.260222
-30.0,520,2153.089409
-30.0,518,2153.921398
-30.0,512,2156.048742
-30.0,509,2156.863231
-30.0,518,2157.694947
-30.0,534,2158.553863
-30.0,523,2160.684669
-30.0,526,2161.527404
-30.0,537,2162.393298
-30.0,535,2163.254324
-30.0,524,2165.365259
-30.0,508,2166.182936
-30.0,517,2167.01571
-30.0,510,2167.834753
-30.0,529,2169.939272
-30.0,519,2170.775011
-30.0,511,2171.600221
-30.0,532,2172.451174
-30.0,515,2174.5683
-30.0,540,2175.438475
-30.0,527,2176.282773
-30.0,531,2177.13269
-30.0,530,2179.265044
-30.0,525,2180.1055
-30.0,527,2180.947204
-30.0,527,2181.795053
